customer_id,first_name,last_name,email,city,state,signup_date
CUST0001,Arjun,Sharma,arjun.sharma1@example.com,Nagpur,Maharashtra,2025-09-08
CUST0002,Rahul,Deshmukh,rahul.deshmukh2@example.com,Mumbai,Maharashtra,2026-07-13
CUST0003,Aditya,Chavan,aditya.chavan3@example.com,Hyderabad,Telangana,2025-02-02
CUST0004,Aarav,Patil,aarav.patil4@example.com,Nashik,Maharashtra,2025-08-27
CUST0005,Neha,Chavan,neha.chavan5@example.com,Pune,Maharashtra,2026-07-29
CUST0006,Kabir,Verma,kabir.verma6@example.com,Ahmedabad,Gujarat,2026-03-06
CUST0007,Rahul,Jadhav,rahul.jadhav7@example.com,Chennai,Tamil Nadu,2025-10-12
CUST0008,Aarav,Gupta,aarav.gupta8@example.com,Kolhapur,Maharashtra,2026-03-09
CUST0009,Ananya,Kulkarni,ananya.kulkarni9@example.com,Kolhapur,Maharashtra,2025-08-09
CUST0010,Ananya,Patil,ananya.patil10@example.com,Mumbai,Maharashtra,2026-01-25
CUST0011,Arjun,Bhosale,arjun.bhosale11@example.com,Bengaluru,Karnataka,2025-09-28
CUST0012,Vivaan,Verma,vivaan.verma12@example.com,Delhi,Delhi,2026-07-04
CUST0013,Arjun,Shah,arjun.shah13@example.com,Hyderabad,Telangana,2025-03-22
CUST0014,Kavya,Kulkarni,kavya.kulkarni14@example.com,Chennai,Tamil Nadu,2026-01-06
CUST0015,Meera,Joshi,meera.joshi15@example.com,Mumbai,Maharashtra,2025-02-16
CUST0016,Rahul,Gupta,rahul.gupta16@example.com,Nagpur,Maharashtra,2025-03-23
CUST0017,Rahul,Mehta,rahul.mehta17@example.com,Mumbai,Maharashtra,2026-01-25
CUST0018,Siddharth,Jadhav,siddharth.jadhav18@example.com,Bengaluru,Karnataka,2025-06-16
CUST0019,Aisha,Bhosale,aisha.bhosale19@example.com,Nashik,Maharashtra,2025-10-01
CUST0020,Aditya,Chavan,aditya.chavan20@example.com,Kolhapur,Maharashtra,2026-07-01
CUST0021,Rahul,Deshmukh,rahul.deshmukh21@example.com,Delhi,Delhi,2026-01-24
CUST0022,Siddharth,Shah,siddharth.shah22@example.com,Ahmedabad,Gujarat,2025-08-13
CUST0023,Ananya,Mehta,ananya.mehta23@example.com,Pune,Maharashtra,2025-08-23
CUST0024,Vivaan,Gupta,vivaan.gupta24@example.com,Bengaluru,Karnataka,2026-02-15
CUST0025,Siddharth,Patil,siddharth.patil25@example.com,Nashik,Maharashtra,2026-08-04
CUST0026,Ananya,Joshi,ananya.joshi26@example.com,Delhi,Delhi,2026-02-10
CUST0027,Sneha,Deshmukh,sneha.deshmukh27@example.com,Nagpur,Maharashtra,2025-05-23
CUST0028,Rahul,Verma,rahul.verma28@example.com,Ahmedabad,Gujarat,2026-07-06
CUST0029,Siddharth,Verma,siddharth.verma29@example.com,Chennai,Tamil Nadu,2026-03-15
CUST0030,Meera,Pawar,meera.pawar30@example.com,Bengaluru,Karnataka,2025-08-13
CUST0031,Rohan,More,rohan.more31@example.com,Delhi,Delhi,2025-04-04
CUST0032,Vivaan,Mehta,vivaan.mehta32@example.com,Mumbai,Maharashtra,2025-06-06
CUST0033,Ishaan,Gupta,ishaan.gupta33@example.com,Hyderabad,Telangana,2025-03-07
CUST0034,Isha,Pawar,isha.pawar34@example.com,Chennai,Tamil Nadu,2026-04-25
CUST0035,Neha,Kulkarni,neha.kulkarni35@example.com,Ahmedabad,Gujarat,2025-01-12
CUST0036,Arjun,Singh,arjun.singh36@example.com,Ahmedabad,Gujarat,2025-10-01
CUST0037,Ananya,Patil,ananya.patil37@example.com,Nagpur,Maharashtra,2026-03-22
CUST0038,Ishaan,Jadhav,ishaan.jadhav38@example.com,Pune,Maharashtra,2025-09-27
CUST0039,Neha,Gupta,neha.gupta39@example.com,Kolhapur,Maharashtra,2026-06-04
CUST0040,Arjun,Mehta,arjun.mehta40@example.com,Nagpur,Maharashtra,2026-06-04
CUST0041,Pooja,Joshi,pooja.joshi41@example.com,Kolhapur,Maharashtra,2026-01-18
CUST0042,Ishaan,More,ishaan.more42@example.com,Ahmedabad,Gujarat,2025-01-01
CUST0043,Pooja,Bhosale,pooja.bhosale43@example.com,Delhi,Delhi,2025-01-20
CUST0044,Arjun,Shah,arjun.shah44@example.com,Bengaluru,Karnataka,2025-11-11
CUST0045,Rahul,Sharma,rahul.sharma45@example.com,Nashik,Maharashtra,2026-08-04
CUST0046,Aditya,Patil,aditya.patil46@example.com,Delhi,Delhi,2025-03-12
CUST0047,Kavya,Gupta,kavya.gupta47@example.com,Kolhapur,Maharashtra,2025-05-12
CUST0048,Riya,More,riya.more48@example.com,Kolhapur,Maharashtra,2025-09-29
CUST0049,Neha,Mehta,neha.mehta49@example.com,Chennai,Tamil Nadu,2026-03-10
CUST0050,Kabir,Shah,kabir.shah50@example.com,Ahmedabad,Gujarat,2025-07-25
CUST0051,Kunal,Pawar,kunal.pawar51@example.com,Bengaluru,Karnataka,2026-03-25
CUST0052,Neha,Jadhav,neha.jadhav52@example.com,Mumbai,Maharashtra,2025-09-11
CUST0053,Rahul,Patil,rahul.patil53@example.com,Bengaluru,Karnataka,2025-01-22
CUST0054,Meera,More,meera.more54@example.com,Nashik,Maharashtra,2026-08-26
CUST0055,Rahul,Sharma,rahul.sharma55@example.com,Mumbai,Maharashtra,2025-03-02
CUST0056,Rahul,Patil,rahul.patil56@example.com,Pune,Maharashtra,2025-12-05
CUST0057,Aditya,More,aditya.more57@example.com,Nashik,Maharashtra,2025-10-13
CUST0058,Riya,Joshi,riya.joshi58@example.com,Ahmedabad,Gujarat,2025-05-16
CUST0059,Meera,Chavan,meera.chavan59@example.com,Delhi,Delhi,2025-09-06
CUST0060,Riya,Gupta,riya.gupta60@example.com,Hyderabad,Telangana,2025-07-14
CUST0061,Arjun,Patil,arjun.patil61@example.com,Hyderabad,Telangana,2025-12-29
CUST0062,Priya,Pawar,priya.pawar62@example.com,Delhi,Delhi,2025-02-25
CUST0063,Arjun,Sharma,arjun.sharma63@example.com,Hyderabad,Telangana,2025-12-14
CUST0064,Arjun,Joshi,arjun.joshi64@example.com,Nashik,Maharashtra,2025-07-14
CUST0065,Kavya,Jadhav,kavya.jadhav65@example.com,Kolhapur,Maharashtra,2026-03-09
CUST0066,Ishaan,Kulkarni,ishaan.kulkarni66@example.com,Delhi,Delhi,2025-09-13
CUST0067,Aditya,Jadhav,aditya.jadhav67@example.com,Ahmedabad,Gujarat,2025-04-11
CUST0068,Vivaan,Singh,vivaan.singh68@example.com,Ahmedabad,Gujarat,2025-01-16
CUST0069,Aditya,Shah,aditya.shah69@example.com,Nashik,Maharashtra,2025-06-20
CUST0070,Priya,Jadhav,priya.jadhav70@example.com,Delhi,Delhi,2025-08-07
CUST0071,Isha,Shah,isha.shah71@example.com,Pune,Maharashtra,2025-06-18
CUST0072,Isha,Sharma,isha.sharma72@example.com,Hyderabad,Telangana,2025-09-29
CUST0073,Sneha,Kulkarni,sneha.kulkarni73@example.com,Hyderabad,Telangana,2026-07-24
CUST0074,Riya,Deshmukh,riya.deshmukh74@example.com,Nashik,Maharashtra,2025-10-31
CUST0075,Kabir,Sharma,kabir.sharma75@example.com,Chennai,Tamil Nadu,2026-07-10
CUST0076,Vivaan,Verma,vivaan.verma76@example.com,Bengaluru,Karnataka,2025-02-28
CUST0077,Vivaan,Chavan,vivaan.chavan77@example.com,Delhi,Delhi,2026-05-30
CUST0078,Neha,Deshmukh,neha.deshmukh78@example.com,Pune,Maharashtra,2026-06-05
CUST0079,Aditya,Mehta,aditya.mehta79@example.com,Kolhapur,Maharashtra,2025-03-12
CUST0080,Pooja,Patil,pooja.patil80@example.com,Nashik,Maharashtra,2026-02-18
CUST0081,Arjun,Shah,arjun.shah81@example.com,Chennai,Tamil Nadu,2025-09-10
CUST0082,Meera,Chavan,meera.chavan82@example.com,Pune,Maharashtra,2025-03-25
CUST0083,Priya,Singh,priya.singh83@example.com,Chennai,Tamil Nadu,2026-08-02
CUST0084,Neha,Bhosale,neha.bhosale84@example.com,Nagpur,Maharashtra,2025-07-29
CUST0085,Ananya,Joshi,ananya.joshi85@example.com,Nagpur,Maharashtra,2026-02-10
CUST0086,Rohan,Singh,rohan.singh86@example.com,Nagpur,Maharashtra,2026-04-14
CUST0087,Ananya,Shah,ananya.shah87@example.com,Mumbai,Maharashtra,2025-01-10
CUST0088,Sneha,Chavan,sneha.chavan88@example.com,Chennai,Tamil Nadu,2025-04-13
CUST0089,Aditya,More,aditya.more89@example.com,Nashik,Maharashtra,2026-06-03
CUST0090,Siddharth,Deshmukh,siddharth.deshmukh90@example.com,Bengaluru,Karnataka,2025-03-12
CUST0091,Rahul,Bhosale,rahul.bhosale91@example.com,Nagpur,Maharashtra,2025-06-11
CUST0092,Sneha,Mehta,sneha.mehta92@example.com,Ahmedabad,Gujarat,2025-11-06
CUST0093,Pooja,Gupta,pooja.gupta93@example.com,Ahmedabad,Gujarat,2025-01-09
CUST0094,Kavya,Kulkarni,kavya.kulkarni94@example.com,Mumbai,Maharashtra,2025-05-18
CUST0095,Siddharth,Patil,siddharth.patil95@example.com,Mumbai,Maharashtra,2026-07-21
CUST0096,Rohan,Kulkarni,rohan.kulkarni96@example.com,Nagpur,Maharashtra,2025-08-04
CUST0097,Ananya,Joshi,ananya.joshi97@example.com,Nagpur,Maharashtra,2026-06-02
CUST0098,Riya,Kulkarni,riya.kulkarni98@example.com,Pune,Maharashtra,2025-04-05
CUST0099,Priya,Mehta,priya.mehta99@example.com,Nagpur,Maharashtra,2025-02-15
CUST0100,Aarav,Bhosale,aarav.bhosale100@example.com,Kolhapur,Maharashtra,2025-09-26
CUST0101,Ishaan,Verma,ishaan.verma101@example.com,Delhi,Delhi,2026-07-19
CUST0102,Priya,More,priya.more102@example.com,Pune,Maharashtra,2025-04-25
CUST0103,Aditya,Shah,aditya.shah103@example.com,Kolhapur,Maharashtra,2026-07-13
CUST0104,Vivaan,Mehta,vivaan.mehta104@example.com,Bengaluru,Karnataka,2026-08-20
CUST0105,Kavya,Deshmukh,kavya.deshmukh105@example.com,Hyderabad,Telangana,2025-05-11
CUST0106,Vivaan,Kulkarni,vivaan.kulkarni106@example.com,Bengaluru,Karnataka,2025-02-10
CUST0107,Aisha,Joshi,aisha.joshi107@example.com,Nashik,Maharashtra,2025-04-16
CUST0108,Aisha,Gupta,aisha.gupta108@example.com,Ahmedabad,Gujarat,2026-02-21
CUST0109,Pooja,Verma,pooja.verma109@example.com,Kolhapur,Maharashtra,2025-08-31
CUST0110,Ishaan,Gupta,ishaan.gupta110@example.com,Kolhapur,Maharashtra,2026-02-27
CUST0111,Aarav,Deshmukh,aarav.deshmukh111@example.com,Bengaluru,Karnataka,2026-02-26
CUST0112,Rahul,Kulkarni,rahul.kulkarni112@example.com,Kolhapur,Maharashtra,2025-04-21
CUST0113,Isha,Mehta,isha.mehta113@example.com,Pune,Maharashtra,2026-04-27
CUST0114,Rahul,Joshi,rahul.joshi114@example.com,Delhi,Delhi,2025-12-25
CUST0115,Kunal,Mehta,kunal.mehta115@example.com,Nashik,Maharashtra,2025-08-17
CUST0116,Aarav,Singh,aarav.singh116@example.com,Nashik,Maharashtra,2026-02-13
CUST0117,Ananya,Kulkarni,ananya.kulkarni117@example.com,Mumbai,Maharashtra,2025-10-13
CUST0118,Aisha,Singh,aisha.singh118@example.com,Ahmedabad,Gujarat,2026-02-14
CUST0119,Kavya,Bhosale,kavya.bhosale119@example.com,Pune,Maharashtra,2025-04-29
CUST0120,Siddharth,Deshmukh,siddharth.deshmukh120@example.com,Chennai,Tamil Nadu,2025-09-29
CUST0121,Vivaan,Patil,vivaan.patil121@example.com,Chennai,Tamil Nadu,2026-03-21
CUST0122,Aisha,Verma,aisha.verma122@example.com,Bengaluru,Karnataka,2026-03-23
CUST0123,Pooja,More,pooja.more123@example.com,Mumbai,Maharashtra,2026-01-30
CUST0124,Meera,Joshi,meera.joshi124@example.com,Nagpur,Maharashtra,2025-02-15
CUST0125,Priya,Sharma,priya.sharma125@example.com,Ahmedabad,Gujarat,2026-07-06
CUST0126,Kabir,Bhosale,kabir.bhosale126@example.com,Hyderabad,Telangana,2025-03-13
CUST0127,Ananya,Chavan,ananya.chavan127@example.com,Bengaluru,Karnataka,2025-05-08
CUST0128,Kunal,More,kunal.more128@example.com,Nagpur,Maharashtra,2026-02-23
CUST0129,Ananya,Pawar,ananya.pawar129@example.com,Nagpur,Maharashtra,2026-07-22
CUST0130,Rohan,Joshi,rohan.joshi130@example.com,Hyderabad,Telangana,2026-01-24
CUST0131,Ishaan,Chavan,ishaan.chavan131@example.com,Chennai,Tamil Nadu,2025-11-05
CUST0132,Isha,More,isha.more132@example.com,Pune,Maharashtra,2025-11-08
CUST0133,Kunal,Joshi,kunal.joshi133@example.com,Hyderabad,Telangana,2026-08-17
CUST0134,Pooja,Singh,pooja.singh134@example.com,Bengaluru,Karnataka,2026-04-22
CUST0135,Sneha,Jadhav,sneha.jadhav135@example.com,Nashik,Maharashtra,2026-06-08
CUST0136,Riya,Gupta,riya.gupta136@example.com,Kolhapur,Maharashtra,2025-03-28
CUST0137,Kunal,More,kunal.more137@example.com,Chennai,Tamil Nadu,2025-12-10
CUST0138,Aditya,Mehta,aditya.mehta138@example.com,Nashik,Maharashtra,2025-11-14
CUST0139,Rahul,Gupta,rahul.gupta139@example.com,Nashik,Maharashtra,2025-05-31
CUST0140,Aarav,Sharma,aarav.sharma140@example.com,Nashik,Maharashtra,2026-05-02
CUST0141,Pooja,Mehta,pooja.mehta141@example.com,Mumbai,Maharashtra,2026-04-12
CUST0142,Priya,Shah,priya.shah142@example.com,Chennai,Tamil Nadu,2025-07-19
CUST0143,Isha,Jadhav,isha.jadhav143@example.com,Hyderabad,Telangana,2025-09-07
CUST0144,Rohan,Singh,rohan.singh144@example.com,Pune,Maharashtra,2025-04-20
CUST0145,Priya,Joshi,priya.joshi145@example.com,Kolhapur,Maharashtra,2026-06-15
CUST0146,Sneha,Sharma,sneha.sharma146@example.com,Ahmedabad,Gujarat,2025-09-13
CUST0147,Arjun,Jadhav,arjun.jadhav147@example.com,Kolhapur,Maharashtra,2026-04-21
CUST0148,Neha,More,neha.more148@example.com,Chennai,Tamil Nadu,2025-11-21
CUST0149,Sneha,Chavan,sneha.chavan149@example.com,Ahmedabad,Gujarat,2026-03-13
CUST0150,Kavya,Jadhav,kavya.jadhav150@example.com,Kolhapur,Maharashtra,2026-05-02
CUST0151,Sneha,Kulkarni,sneha.kulkarni151@example.com,Nashik,Maharashtra,2025-10-11
CUST0152,Neha,Jadhav,neha.jadhav152@example.com,Nashik,Maharashtra,2025-10-09
CUST0153,Sneha,Patil,sneha.patil153@example.com,Nagpur,Maharashtra,2025-08-29
CUST0154,Siddharth,Bhosale,siddharth.bhosale154@example.com,Bengaluru,Karnataka,2026-07-08
CUST0155,Aditya,Deshmukh,aditya.deshmukh155@example.com,Kolhapur,Maharashtra,2025-08-25
CUST0156,Isha,Verma,isha.verma156@example.com,Kolhapur,Maharashtra,2025-08-08
CUST0157,Aditya,Pawar,aditya.pawar157@example.com,Hyderabad,Telangana,2025-12-05
CUST0158,Kavya,Jadhav,kavya.jadhav158@example.com,Hyderabad,Telangana,2025-03-05
CUST0159,Kabir,Mehta,kabir.mehta159@example.com,Hyderabad,Telangana,2026-02-03
CUST0160,Meera,Verma,meera.verma160@example.com,Pune,Maharashtra,2026-08-13
CUST0161,Isha,Jadhav,isha.jadhav161@example.com,Pune,Maharashtra,2025-12-27
CUST0162,Kunal,Gupta,kunal.gupta162@example.com,Hyderabad,Telangana,2026-03-06
CUST0163,Kavya,Verma,kavya.verma163@example.com,Ahmedabad,Gujarat,2025-08-14
CUST0164,Riya,Joshi,riya.joshi164@example.com,Nagpur,Maharashtra,2026-03-23
CUST0165,Riya,Sharma,riya.sharma165@example.com,Hyderabad,Telangana,2025-12-11
CUST0166,Isha,Verma,isha.verma166@example.com,Kolhapur,Maharashtra,2026-04-24
CUST0167,Rohan,Chavan,rohan.chavan167@example.com,Ahmedabad,Gujarat,2025-01-28
CUST0168,Isha,Chavan,isha.chavan168@example.com,Chennai,Tamil Nadu,2025-01-28
CUST0169,Aditya,Singh,aditya.singh169@example.com,Hyderabad,Telangana,2025-05-19
CUST0170,Sneha,Deshmukh,sneha.deshmukh170@example.com,Pune,Maharashtra,2025-09-24
CUST0171,Isha,Bhosale,isha.bhosale171@example.com,Nashik,Maharashtra,2026-04-11
CUST0172,Ananya,Bhosale,ananya.bhosale172@example.com,Hyderabad,Telangana,2025-10-12
CUST0173,Priya,Kulkarni,priya.kulkarni173@example.com,Mumbai,Maharashtra,2026-04-27
CUST0174,Aarav,Verma,aarav.verma174@example.com,Ahmedabad,Gujarat,2025-02-23
CUST0175,Aisha,Joshi,aisha.joshi175@example.com,Mumbai,Maharashtra,2025-02-11
CUST0176,Aarav,Joshi,aarav.joshi176@example.com,Nashik,Maharashtra,2025-01-21
CUST0177,Pooja,Deshmukh,pooja.deshmukh177@example.com,Nashik,Maharashtra,2025-05-10
CUST0178,Riya,Singh,riya.singh178@example.com,Mumbai,Maharashtra,2026-08-01
CUST0179,Kabir,Jadhav,kabir.jadhav179@example.com,Nagpur,Maharashtra,2026-01-13
CUST0180,Ishaan,Chavan,ishaan.chavan180@example.com,Chennai,Tamil Nadu,2025-04-28
CUST0181,Ishaan,Kulkarni,ishaan.kulkarni181@example.com,Mumbai,Maharashtra,2026-08-16
CUST0182,Aarav,Shah,aarav.shah182@example.com,Nagpur,Maharashtra,2026-08-13
CUST0183,Isha,Pawar,isha.pawar183@example.com,Nashik,Maharashtra,2025-03-19
CUST0184,Meera,Verma,meera.verma184@example.com,Nashik,Maharashtra,2025-04-15
CUST0185,Kunal,Mehta,kunal.mehta185@example.com,Chennai,Tamil Nadu,2025-05-04
CUST0186,Meera,Gupta,meera.gupta186@example.com,Pune,Maharashtra,2025-12-22
CUST0187,Kavya,Pawar,kavya.pawar187@example.com,Bengaluru,Karnataka,2025-03-12
CUST0188,Neha,Singh,neha.singh188@example.com,Bengaluru,Karnataka,2025-01-13
CUST0189,Priya,Mehta,priya.mehta189@example.com,Delhi,Delhi,2025-04-19
CUST0190,Priya,Bhosale,priya.bhosale190@example.com,Delhi,Delhi,2025-06-06
CUST0191,Priya,Deshmukh,priya.deshmukh191@example.com,Ahmedabad,Gujarat,2025-10-04
CUST0192,Pooja,Gupta,pooja.gupta192@example.com,Ahmedabad,Gujarat,2026-05-11
CUST0193,Sneha,Pawar,sneha.pawar193@example.com,Chennai,Tamil Nadu,2025-10-02
CUST0194,Ananya,Mehta,ananya.mehta194@example.com,Nashik,Maharashtra,2025-03-30
CUST0195,Siddharth,Shah,siddharth.shah195@example.com,Delhi,Delhi,2025-09-07
CUST0196,Sneha,Chavan,sneha.chavan196@example.com,Chennai,Tamil Nadu,2026-01-24
CUST0197,Ananya,Sharma,ananya.sharma197@example.com,Delhi,Delhi,2025-11-29
CUST0198,Ishaan,Jadhav,ishaan.jadhav198@example.com,Nashik,Maharashtra,2025-12-30
CUST0199,Siddharth,Bhosale,siddharth.bhosale199@example.com,Nagpur,Maharashtra,2025-10-10
CUST0200,Kavya,Sharma,kavya.sharma200@example.com,Ahmedabad,Gujarat,2025-07-15
CUST0201,Aditya,Joshi,aditya.joshi201@example.com,Hyderabad,Telangana,2026-05-16
CUST0202,Kavya,Gupta,kavya.gupta202@example.com,Nashik,Maharashtra,2026-05-03
CUST0203,Riya,Jadhav,riya.jadhav203@example.com,Pune,Maharashtra,2025-04-06
CUST0204,Kunal,Joshi,kunal.joshi204@example.com,Hyderabad,Telangana,2025-09-07
CUST0205,Kunal,Singh,kunal.singh205@example.com,Chennai,Tamil Nadu,2026-01-13
CUST0206,Riya,More,riya.more206@example.com,Ahmedabad,Gujarat,2025-12-19
CUST0207,Priya,Verma,priya.verma207@example.com,Ahmedabad,Gujarat,2025-12-05
CUST0208,Aisha,Verma,aisha.verma208@example.com,Delhi,Delhi,2025-10-05
CUST0209,Kunal,Kulkarni,kunal.kulkarni209@example.com,Nashik,Maharashtra,2025-05-04
CUST0210,Kabir,Bhosale,kabir.bhosale210@example.com,Mumbai,Maharashtra,2026-07-03
CUST0211,Ishaan,Joshi,ishaan.joshi211@example.com,Nashik,Maharashtra,2026-05-11
CUST0212,Siddharth,Verma,siddharth.verma212@example.com,Chennai,Tamil Nadu,2026-06-22
CUST0213,Pooja,Kulkarni,pooja.kulkarni213@example.com,Mumbai,Maharashtra,2025-07-18
CUST0214,Kunal,Joshi,kunal.joshi214@example.com,Bengaluru,Karnataka,2025-07-03
CUST0215,Kunal,Sharma,kunal.sharma215@example.com,Ahmedabad,Gujarat,2025-05-10
CUST0216,Siddharth,Sharma,siddharth.sharma216@example.com,Pune,Maharashtra,2026-07-21
CUST0217,Kunal,Verma,kunal.verma217@example.com,Kolhapur,Maharashtra,2026-05-18
CUST0218,Arjun,Mehta,arjun.mehta218@example.com,Pune,Maharashtra,2026-08-11
CUST0219,Kunal,Jadhav,kunal.jadhav219@example.com,Delhi,Delhi,2026-03-28
CUST0220,Ananya,Deshmukh,ananya.deshmukh220@example.com,Pune,Maharashtra,2025-09-16
CUST0221,Riya,Patil,riya.patil221@example.com,Mumbai,Maharashtra,2026-02-15
CUST0222,Riya,Patil,riya.patil222@example.com,Chennai,Tamil Nadu,2025-02-24
CUST0223,Rohan,Deshmukh,rohan.deshmukh223@example.com,Chennai,Tamil Nadu,2025-11-08
CUST0224,Aditya,Joshi,aditya.joshi224@example.com,Mumbai,Maharashtra,2026-07-26
CUST0225,Priya,Chavan,priya.chavan225@example.com,Chennai,Tamil Nadu,2025-08-20
CUST0226,Neha,Pawar,neha.pawar226@example.com,Delhi,Delhi,2026-03-30
CUST0227,Kunal,Mehta,kunal.mehta227@example.com,Chennai,Tamil Nadu,2026-03-16
CUST0228,Kunal,Chavan,kunal.chavan228@example.com,Chennai,Tamil Nadu,2025-03-03
CUST0229,Pooja,Verma,pooja.verma229@example.com,Mumbai,Maharashtra,2025-08-01
CUST0230,Kabir,Kulkarni,kabir.kulkarni230@example.com,Mumbai,Maharashtra,2025-06-10
CUST0231,Rahul,Deshmukh,rahul.deshmukh231@example.com,Ahmedabad,Gujarat,2025-03-18
CUST0232,Ishaan,Sharma,ishaan.sharma232@example.com,Hyderabad,Telangana,2026-04-07
CUST0233,Pooja,Jadhav,pooja.jadhav233@example.com,Nagpur,Maharashtra,2025-02-03
CUST0234,Rahul,Kulkarni,rahul.kulkarni234@example.com,Nagpur,Maharashtra,2026-04-10
CUST0235,Aditya,Singh,aditya.singh235@example.com,Nashik,Maharashtra,2025-09-28
CUST0236,Meera,Singh,meera.singh236@example.com,Nashik,Maharashtra,2026-03-12
CUST0237,Arjun,More,arjun.more237@example.com,Nashik,Maharashtra,2025-06-02
CUST0238,Siddharth,Mehta,siddharth.mehta238@example.com,Kolhapur,Maharashtra,2025-03-15
CUST0239,Vivaan,Deshmukh,vivaan.deshmukh239@example.com,Nagpur,Maharashtra,2026-08-06
CUST0240,Kunal,Jadhav,kunal.jadhav240@example.com,Mumbai,Maharashtra,2026-04-25
CUST0241,Kunal,Verma,kunal.verma241@example.com,Hyderabad,Telangana,2025-10-06
CUST0242,Neha,More,neha.more242@example.com,Delhi,Delhi,2026-03-25
CUST0243,Aditya,Chavan,aditya.chavan243@example.com,Pune,Maharashtra,2026-03-19
CUST0244,Ananya,Chavan,ananya.chavan244@example.com,Nagpur,Maharashtra,2025-01-27
CUST0245,Aditya,Joshi,aditya.joshi245@example.com,Chennai,Tamil Nadu,2026-08-25
CUST0246,Aarav,Gupta,aarav.gupta246@example.com,Nagpur,Maharashtra,2026-08-14
CUST0247,Vivaan,Gupta,vivaan.gupta247@example.com,Kolhapur,Maharashtra,2026-04-27
CUST0248,Neha,Singh,neha.singh248@example.com,Delhi,Delhi,2025-10-12
CUST0249,Ishaan,Chavan,ishaan.chavan249@example.com,Hyderabad,Telangana,2026-05-19
CUST0250,Aditya,Jadhav,aditya.jadhav250@example.com,Bengaluru,Karnataka,2026-02-23
CUST0251,Ananya,Bhosale,ananya.bhosale251@example.com,Mumbai,Maharashtra,2025-06-14
CUST0252,Ananya,Pawar,ananya.pawar252@example.com,Delhi,Delhi,2025-10-23
CUST0253,Isha,Mehta,isha.mehta253@example.com,Ahmedabad,Gujarat,2025-02-07
CUST0254,Sneha,Patil,sneha.patil254@example.com,Bengaluru,Karnataka,2025-09-16
CUST0255,Ananya,Patil,ananya.patil255@example.com,Hyderabad,Telangana,2026-06-11
CUST0256,Aarav,Singh,aarav.singh256@example.com,Ahmedabad,Gujarat,2026-04-19
CUST0257,Priya,Sharma,priya.sharma257@example.com,Nashik,Maharashtra,2026-06-15
CUST0258,Aisha,Chavan,aisha.chavan258@example.com,Delhi,Delhi,2026-03-29
CUST0259,Vivaan,Joshi,vivaan.joshi259@example.com,Nagpur,Maharashtra,2026-07-17
CUST0260,Rohan,Shah,rohan.shah260@example.com,Nagpur,Maharashtra,2026-03-25
CUST0261,Riya,Patil,riya.patil261@example.com,Pune,Maharashtra,2025-09-03
CUST0262,Ishaan,Kulkarni,ishaan.kulkarni262@example.com,Ahmedabad,Gujarat,2025-01-15
CUST0263,Kavya,Pawar,kavya.pawar263@example.com,Mumbai,Maharashtra,2025-08-19
CUST0264,Arjun,Jadhav,arjun.jadhav264@example.com,Mumbai,Maharashtra,2025-06-07
CUST0265,Riya,Shah,riya.shah265@example.com,Nagpur,Maharashtra,2026-06-06
CUST0266,Siddharth,Pawar,siddharth.pawar266@example.com,Delhi,Delhi,2026-04-29
CUST0267,Rahul,Jadhav,rahul.jadhav267@example.com,Ahmedabad,Gujarat,2025-05-29
CUST0268,Isha,Joshi,isha.joshi268@example.com,Chennai,Tamil Nadu,2026-06-05
CUST0269,Rohan,Mehta,rohan.mehta269@example.com,Mumbai,Maharashtra,2025-10-10
CUST0270,Priya,Bhosale,priya.bhosale270@example.com,Ahmedabad,Gujarat,2025-10-01
CUST0271,Aarav,Kulkarni,aarav.kulkarni271@example.com,Nagpur,Maharashtra,2026-08-25
CUST0272,Meera,Singh,meera.singh272@example.com,Delhi,Delhi,2025-06-02
CUST0273,Sneha,More,sneha.more273@example.com,Delhi,Delhi,2025-12-20
CUST0274,Ananya,More,ananya.more274@example.com,Ahmedabad,Gujarat,2026-01-22
CUST0275,Sneha,Shah,sneha.shah275@example.com,Bengaluru,Karnataka,2025-07-13
CUST0276,Rahul,Chavan,rahul.chavan276@example.com,Hyderabad,Telangana,2025-08-28
CUST0277,Priya,Sharma,priya.sharma277@example.com,Bengaluru,Karnataka,2026-04-30
CUST0278,Isha,Pawar,isha.pawar278@example.com,Kolhapur,Maharashtra,2026-05-23
CUST0279,Vivaan,Deshmukh,vivaan.deshmukh279@example.com,Ahmedabad,Gujarat,2026-08-28
CUST0280,Ananya,Mehta,ananya.mehta280@example.com,Mumbai,Maharashtra,2026-03-27
CUST0281,Arjun,More,arjun.more281@example.com,Delhi,Delhi,2025-01-16
CUST0282,Rohan,Pawar,rohan.pawar282@example.com,Kolhapur,Maharashtra,2025-03-18
CUST0283,Riya,Gupta,riya.gupta283@example.com,Nagpur,Maharashtra,2025-12-13
CUST0284,Pooja,Verma,pooja.verma284@example.com,Hyderabad,Telangana,2025-03-24
CUST0285,Ananya,Mehta,ananya.mehta285@example.com,Ahmedabad,Gujarat,2026-01-25
CUST0286,Ananya,Singh,ananya.singh286@example.com,Delhi,Delhi,2026-07-09
CUST0287,Vivaan,Chavan,vivaan.chavan287@example.com,Mumbai,Maharashtra,2025-08-29
CUST0288,Kunal,Joshi,kunal.joshi288@example.com,Mumbai,Maharashtra,2026-03-21
CUST0289,Arjun,Gupta,arjun.gupta289@example.com,Mumbai,Maharashtra,2026-03-31
CUST0290,Ishaan,Verma,ishaan.verma290@example.com,Nagpur,Maharashtra,2025-01-30
CUST0291,Vivaan,Bhosale,vivaan.bhosale291@example.com,Pune,Maharashtra,2025-10-28
CUST0292,Aisha,Bhosale,aisha.bhosale292@example.com,Hyderabad,Telangana,2025-05-30
CUST0293,Rahul,More,rahul.more293@example.com,Hyderabad,Telangana,2026-08-03
CUST0294,Ishaan,Deshmukh,ishaan.deshmukh294@example.com,Kolhapur,Maharashtra,2025-03-22
CUST0295,Pooja,Mehta,pooja.mehta295@example.com,Hyderabad,Telangana,2025-09-04
CUST0296,Riya,Shah,riya.shah296@example.com,Chennai,Tamil Nadu,2025-05-27
CUST0297,Rahul,Jadhav,rahul.jadhav297@example.com,Nagpur,Maharashtra,2026-04-16
CUST0298,Siddharth,Singh,siddharth.singh298@example.com,Pune,Maharashtra,2026-04-22
CUST0299,Kunal,Singh,kunal.singh299@example.com,Ahmedabad,Gujarat,2025-06-11
CUST0300,Aditya,Jadhav,aditya.jadhav300@example.com,Bengaluru,Karnataka,2026-08-25
CUST0301,Kunal,Singh,kunal.singh301@example.com,Hyderabad,Telangana,2025-09-14
CUST0302,Sneha,Mehta,sneha.mehta302@example.com,Nagpur,Maharashtra,2025-07-23
CUST0303,Isha,Mehta,isha.mehta303@example.com,Delhi,Delhi,2025-04-20
CUST0304,Rahul,Pawar,rahul.pawar304@example.com,Chennai,Tamil Nadu,2026-01-03
CUST0305,Meera,Kulkarni,meera.kulkarni305@example.com,Nagpur,Maharashtra,2025-01-23
CUST0306,Isha,Kulkarni,isha.kulkarni306@example.com,Pune,Maharashtra,2026-08-03
CUST0307,Vivaan,Shah,vivaan.shah307@example.com,Chennai,Tamil Nadu,2026-05-24
CUST0308,Kunal,Gupta,kunal.gupta308@example.com,Nashik,Maharashtra,2025-12-27
CUST0309,Rahul,Singh,rahul.singh309@example.com,Nashik,Maharashtra,2025-09-14
CUST0310,Rohan,Singh,rohan.singh310@example.com,Mumbai,Maharashtra,2025-02-10
CUST0311,Kunal,Gupta,kunal.gupta311@example.com,Delhi,Delhi,2025-02-04
CUST0312,Meera,Bhosale,meera.bhosale312@example.com,Kolhapur,Maharashtra,2025-04-03
CUST0313,Kunal,Bhosale,kunal.bhosale313@example.com,Hyderabad,Telangana,2025-06-29
CUST0314,Kabir,Deshmukh,kabir.deshmukh314@example.com,Ahmedabad,Gujarat,2026-01-10
CUST0315,Neha,More,neha.more315@example.com,Nagpur,Maharashtra,2025-06-18
CUST0316,Siddharth,Shah,siddharth.shah316@example.com,Delhi,Delhi,2025-10-30
CUST0317,Ananya,Gupta,ananya.gupta317@example.com,Mumbai,Maharashtra,2026-04-25
CUST0318,Aditya,Deshmukh,aditya.deshmukh318@example.com,Nashik,Maharashtra,2026-02-11
CUST0319,Kavya,Bhosale,kavya.bhosale319@example.com,Mumbai,Maharashtra,2026-02-09
CUST0320,Aarav,Kulkarni,aarav.kulkarni320@example.com,Ahmedabad,Gujarat,2025-05-07
CUST0321,Sneha,Bhosale,sneha.bhosale321@example.com,Nagpur,Maharashtra,2026-08-22
CUST0322,Isha,Mehta,isha.mehta322@example.com,Bengaluru,Karnataka,2025-04-21
CUST0323,Rahul,Jadhav,rahul.jadhav323@example.com,Pune,Maharashtra,2026-07-29
CUST0324,Ananya,Shah,ananya.shah324@example.com,Chennai,Tamil Nadu,2025-08-15
CUST0325,Aditya,Singh,aditya.singh325@example.com,Delhi,Delhi,2025-11-06
CUST0326,Priya,Patil,priya.patil326@example.com,Kolhapur,Maharashtra,2025-02-16
CUST0327,Vivaan,Kulkarni,vivaan.kulkarni327@example.com,Delhi,Delhi,2025-04-29
CUST0328,Arjun,Joshi,arjun.joshi328@example.com,Ahmedabad,Gujarat,2025-05-19
CUST0329,Isha,Jadhav,isha.jadhav329@example.com,Bengaluru,Karnataka,2026-07-08
CUST0330,Priya,Chavan,priya.chavan330@example.com,Kolhapur,Maharashtra,2026-03-01
CUST0331,Arjun,Mehta,arjun.mehta331@example.com,Delhi,Delhi,2026-02-22
CUST0332,Siddharth,Sharma,siddharth.sharma332@example.com,Bengaluru,Karnataka,2025-08-11
CUST0333,Sneha,Jadhav,sneha.jadhav333@example.com,Nashik,Maharashtra,2026-01-07
CUST0334,Arjun,Singh,arjun.singh334@example.com,Bengaluru,Karnataka,2026-07-12
CUST0335,Aisha,Sharma,aisha.sharma335@example.com,Hyderabad,Telangana,2025-10-10
CUST0336,Kabir,Patil,kabir.patil336@example.com,Delhi,Delhi,2025-04-04
CUST0337,Kabir,Singh,kabir.singh337@example.com,Chennai,Tamil Nadu,2025-01-22
CUST0338,Vivaan,Gupta,vivaan.gupta338@example.com,Bengaluru,Karnataka,2025-09-07
CUST0339,Rohan,Gupta,rohan.gupta339@example.com,Chennai,Tamil Nadu,2025-07-30
CUST0340,Aditya,Mehta,aditya.mehta340@example.com,Ahmedabad,Gujarat,2025-08-01
CUST0341,Meera,Joshi,meera.joshi341@example.com,Nashik,Maharashtra,2025-12-03
CUST0342,Rohan,Gupta,rohan.gupta342@example.com,Chennai,Tamil Nadu,2025-01-03
CUST0343,Siddharth,Mehta,siddharth.mehta343@example.com,Kolhapur,Maharashtra,2025-05-14
CUST0344,Kavya,Kulkarni,kavya.kulkarni344@example.com,Kolhapur,Maharashtra,2025-04-23
CUST0345,Aarav,Deshmukh,aarav.deshmukh345@example.com,Pune,Maharashtra,2026-01-02
CUST0346,Rahul,Chavan,rahul.chavan346@example.com,Bengaluru,Karnataka,2025-01-17
CUST0347,Ishaan,Kulkarni,ishaan.kulkarni347@example.com,Pune,Maharashtra,2025-05-10
CUST0348,Priya,More,priya.more348@example.com,Mumbai,Maharashtra,2025-03-07
CUST0349,Riya,Jadhav,riya.jadhav349@example.com,Bengaluru,Karnataka,2026-06-10
CUST0350,Meera,Patil,meera.patil350@example.com,Delhi,Delhi,2026-05-31
CUST0351,Rahul,Chavan,rahul.chavan351@example.com,Pune,Maharashtra,2026-06-18
CUST0352,Kunal,Jadhav,kunal.jadhav352@example.com,Pune,Maharashtra,2025-03-04
CUST0353,Riya,Mehta,riya.mehta353@example.com,Hyderabad,Telangana,2026-03-13
CUST0354,Arjun,Jadhav,arjun.jadhav354@example.com,Delhi,Delhi,2025-03-17
CUST0355,Aditya,Bhosale,aditya.bhosale355@example.com,Chennai,Tamil Nadu,2025-06-01
CUST0356,Aditya,Deshmukh,aditya.deshmukh356@example.com,Nagpur,Maharashtra,2026-08-23
CUST0357,Kavya,Verma,kavya.verma357@example.com,Bengaluru,Karnataka,2026-01-26
CUST0358,Pooja,More,pooja.more358@example.com,Nagpur,Maharashtra,2026-04-10
CUST0359,Neha,Chavan,neha.chavan359@example.com,Hyderabad,Telangana,2025-04-12
CUST0360,Arjun,Mehta,arjun.mehta360@example.com,Ahmedabad,Gujarat,2025-08-09
CUST0361,Priya,Jadhav,priya.jadhav361@example.com,Nashik,Maharashtra,2026-02-28
CUST0362,Ananya,Mehta,ananya.mehta362@example.com,Delhi,Delhi,2026-02-13
CUST0363,Priya,Verma,priya.verma363@example.com,Mumbai,Maharashtra,2025-11-17
CUST0364,Priya,Bhosale,priya.bhosale364@example.com,Nagpur,Maharashtra,2026-01-19
CUST0365,Rohan,Singh,rohan.singh365@example.com,Delhi,Delhi,2025-03-10
CUST0366,Aditya,Mehta,aditya.mehta366@example.com,Mumbai,Maharashtra,2025-04-06
CUST0367,Priya,Patil,priya.patil367@example.com,Bengaluru,Karnataka,2025-05-14
CUST0368,Kavya,Sharma,kavya.sharma368@example.com,Chennai,Tamil Nadu,2026-07-30
CUST0369,Kavya,Bhosale,kavya.bhosale369@example.com,Mumbai,Maharashtra,2026-02-25
CUST0370,Aisha,Mehta,aisha.mehta370@example.com,Hyderabad,Telangana,2025-02-22
CUST0371,Kunal,Chavan,kunal.chavan371@example.com,Nagpur,Maharashtra,2025-12-27
CUST0372,Arjun,Chavan,arjun.chavan372@example.com,Ahmedabad,Gujarat,2025-08-06
CUST0373,Rohan,Singh,rohan.singh373@example.com,Delhi,Delhi,2025-08-18
CUST0374,Arjun,Bhosale,arjun.bhosale374@example.com,Ahmedabad,Gujarat,2026-01-12
CUST0375,Arjun,Gupta,arjun.gupta375@example.com,Nagpur,Maharashtra,2026-08-11
CUST0376,Rahul,Gupta,rahul.gupta376@example.com,Hyderabad,Telangana,2026-07-29
CUST0377,Pooja,Chavan,pooja.chavan377@example.com,Ahmedabad,Gujarat,2025-01-27
CUST0378,Pooja,Shah,pooja.shah378@example.com,Nagpur,Maharashtra,2025-01-30
CUST0379,Ishaan,Kulkarni,ishaan.kulkarni379@example.com,Nagpur,Maharashtra,2025-12-14
CUST0380,Aisha,Sharma,aisha.sharma380@example.com,Kolhapur,Maharashtra,2025-05-27
CUST0381,Meera,Singh,meera.singh381@example.com,Hyderabad,Telangana,2025-03-13
CUST0382,Rohan,Verma,rohan.verma382@example.com,Pune,Maharashtra,2025-04-04
CUST0383,Neha,Joshi,neha.joshi383@example.com,Hyderabad,Telangana,2026-03-06
CUST0384,Sneha,Bhosale,sneha.bhosale384@example.com,Kolhapur,Maharashtra,2026-01-14
CUST0385,Kunal,Verma,kunal.verma385@example.com,Bengaluru,Karnataka,2026-08-05
CUST0386,Pooja,Patil,pooja.patil386@example.com,Pune,Maharashtra,2025-06-09
CUST0387,Ishaan,Gupta,ishaan.gupta387@example.com,Chennai,Tamil Nadu,2025-02-20
CUST0388,Aditya,Kulkarni,aditya.kulkarni388@example.com,Delhi,Delhi,2026-03-11
CUST0389,Riya,Chavan,riya.chavan389@example.com,Delhi,Delhi,2026-03-01
CUST0390,Siddharth,Joshi,siddharth.joshi390@example.com,Ahmedabad,Gujarat,2025-04-27
CUST0391,Aisha,Pawar,aisha.pawar391@example.com,Mumbai,Maharashtra,2025-10-18
CUST0392,Meera,Jadhav,meera.jadhav392@example.com,Ahmedabad,Gujarat,2025-11-12
CUST0393,Vivaan,Joshi,vivaan.joshi393@example.com,Hyderabad,Telangana,2025-02-26
CUST0394,Aarav,Joshi,aarav.joshi394@example.com,Nagpur,Maharashtra,2025-08-05
CUST0395,Rohan,Gupta,rohan.gupta395@example.com,Nagpur,Maharashtra,2025-10-24
CUST0396,Ananya,Patil,ananya.patil396@example.com,Pune,Maharashtra,2026-05-25
CUST0397,Priya,Deshmukh,priya.deshmukh397@example.com,Kolhapur,Maharashtra,2026-01-25
CUST0398,Kavya,Verma,kavya.verma398@example.com,Nashik,Maharashtra,2026-05-28
CUST0399,Kavya,Mehta,kavya.mehta399@example.com,Bengaluru,Karnataka,2025-03-15
CUST0400,Isha,Mehta,isha.mehta400@example.com,Pune,Maharashtra,2026-03-23
CUST0401,Aarav,Jadhav,aarav.jadhav401@example.com,Mumbai,Maharashtra,2025-11-17
CUST0402,Meera,Pawar,meera.pawar402@example.com,Chennai,Tamil Nadu,2026-02-19
CUST0403,Priya,Kulkarni,priya.kulkarni403@example.com,Mumbai,Maharashtra,2026-02-19
CUST0404,Aarav,Bhosale,aarav.bhosale404@example.com,Kolhapur,Maharashtra,2026-04-17
CUST0405,Aisha,Patil,aisha.patil405@example.com,Hyderabad,Telangana,2025-04-19
CUST0406,Rahul,Pawar,rahul.pawar406@example.com,Chennai,Tamil Nadu,2026-02-15
CUST0407,Neha,Patil,neha.patil407@example.com,Hyderabad,Telangana,2025-11-14
CUST0408,Ananya,Joshi,ananya.joshi408@example.com,Bengaluru,Karnataka,2025-06-22
CUST0409,Aditya,More,aditya.more409@example.com,Mumbai,Maharashtra,2026-06-28
CUST0410,Neha,Joshi,neha.joshi410@example.com,Bengaluru,Karnataka,2025-12-26
CUST0411,Rohan,Joshi,rohan.joshi411@example.com,Mumbai,Maharashtra,2025-05-30
CUST0412,Siddharth,Joshi,siddharth.joshi412@example.com,Kolhapur,Maharashtra,2025-06-06
CUST0413,Aditya,Deshmukh,aditya.deshmukh413@example.com,Delhi,Delhi,2026-04-21
CUST0414,Meera,Gupta,meera.gupta414@example.com,Chennai,Tamil Nadu,2026-04-05
CUST0415,Meera,Singh,meera.singh415@example.com,Chennai,Tamil Nadu,2025-11-27
CUST0416,Ananya,Deshmukh,ananya.deshmukh416@example.com,Delhi,Delhi,2025-03-11
CUST0417,Riya,Jadhav,riya.jadhav417@example.com,Nagpur,Maharashtra,2025-10-09
CUST0418,Meera,Sharma,meera.sharma418@example.com,Bengaluru,Karnataka,2026-06-04
CUST0419,Aditya,Kulkarni,aditya.kulkarni419@example.com,Delhi,Delhi,2026-04-08
CUST0420,Vivaan,Sharma,vivaan.sharma420@example.com,Bengaluru,Karnataka,2025-10-21
CUST0421,Aditya,Singh,aditya.singh421@example.com,Mumbai,Maharashtra,2026-09-01
CUST0422,Neha,Pawar,neha.pawar422@example.com,Delhi,Delhi,2026-08-18
CUST0423,Kavya,Gupta,kavya.gupta423@example.com,Pune,Maharashtra,2026-04-06
CUST0424,Meera,Singh,meera.singh424@example.com,Nashik,Maharashtra,2025-11-26
CUST0425,Pooja,Jadhav,pooja.jadhav425@example.com,Ahmedabad,Gujarat,2025-06-04
CUST0426,Vivaan,Jadhav,vivaan.jadhav426@example.com,Mumbai,Maharashtra,2025-12-18
CUST0427,Aditya,More,aditya.more427@example.com,Kolhapur,Maharashtra,2025-02-10
CUST0428,Rahul,Verma,rahul.verma428@example.com,Delhi,Delhi,2026-03-26
CUST0429,Neha,More,neha.more429@example.com,Chennai,Tamil Nadu,2025-06-12
CUST0430,Aisha,Bhosale,aisha.bhosale430@example.com,Nagpur,Maharashtra,2026-02-01
CUST0431,Priya,Gupta,priya.gupta431@example.com,Bengaluru,Karnataka,2025-02-23
CUST0432,Ananya,Patil,ananya.patil432@example.com,Bengaluru,Karnataka,2025-04-07
CUST0433,Kavya,Singh,kavya.singh433@example.com,Hyderabad,Telangana,2025-10-18
CUST0434,Siddharth,Verma,siddharth.verma434@example.com,Chennai,Tamil Nadu,2025-06-03
CUST0435,Ananya,Patil,ananya.patil435@example.com,Chennai,Tamil Nadu,2025-05-25
CUST0436,Aisha,Kulkarni,aisha.kulkarni436@example.com,Hyderabad,Telangana,2025-05-13
CUST0437,Pooja,Verma,pooja.verma437@example.com,Mumbai,Maharashtra,2025-11-14
CUST0438,Kavya,Pawar,kavya.pawar438@example.com,Bengaluru,Karnataka,2025-05-11
CUST0439,Neha,Patil,neha.patil439@example.com,Hyderabad,Telangana,2026-06-05
CUST0440,Aisha,Sharma,aisha.sharma440@example.com,Bengaluru,Karnataka,2025-11-13
CUST0441,Ishaan,Joshi,ishaan.joshi441@example.com,Bengaluru,Karnataka,2026-05-13
CUST0442,Kabir,Joshi,kabir.joshi442@example.com,Kolhapur,Maharashtra,2025-06-08
CUST0443,Aditya,Kulkarni,aditya.kulkarni443@example.com,Mumbai,Maharashtra,2026-06-04
CUST0444,Kavya,Mehta,kavya.mehta444@example.com,Ahmedabad,Gujarat,2025-02-08
CUST0445,Ananya,Shah,ananya.shah445@example.com,Chennai,Tamil Nadu,2025-05-15
CUST0446,Pooja,Pawar,pooja.pawar446@example.com,Kolhapur,Maharashtra,2025-06-16
CUST0447,Ishaan,Mehta,ishaan.mehta447@example.com,Chennai,Tamil Nadu,2025-06-19
CUST0448,Sneha,Sharma,sneha.sharma448@example.com,Hyderabad,Telangana,2026-01-09
CUST0449,Rahul,Jadhav,rahul.jadhav449@example.com,Chennai,Tamil Nadu,2025-10-19
CUST0450,Sneha,Joshi,sneha.joshi450@example.com,Ahmedabad,Gujarat,2025-09-02
CUST0451,Kunal,Gupta,kunal.gupta451@example.com,Delhi,Delhi,2025-07-18
CUST0452,Aisha,Singh,aisha.singh452@example.com,Chennai,Tamil Nadu,2026-03-28
CUST0453,Sneha,Gupta,sneha.gupta453@example.com,Nagpur,Maharashtra,2026-01-27
CUST0454,Neha,More,neha.more454@example.com,Hyderabad,Telangana,2025-06-15
CUST0455,Kabir,Gupta,kabir.gupta455@example.com,Chennai,Tamil Nadu,2025-05-22
CUST0456,Siddharth,Sharma,siddharth.sharma456@example.com,Delhi,Delhi,2026-01-16
CUST0457,Kavya,Shah,kavya.shah457@example.com,Mumbai,Maharashtra,2026-06-13
CUST0458,Arjun,Kulkarni,arjun.kulkarni458@example.com,Mumbai,Maharashtra,2025-06-14
CUST0459,Siddharth,Jadhav,siddharth.jadhav459@example.com,Ahmedabad,Gujarat,2025-05-31
CUST0460,Priya,Patil,priya.patil460@example.com,Nashik,Maharashtra,2026-04-07
CUST0461,Aisha,Shah,aisha.shah461@example.com,Pune,Maharashtra,2026-03-01
CUST0462,Vivaan,Pawar,vivaan.pawar462@example.com,Ahmedabad,Gujarat,2026-01-18
CUST0463,Rahul,Pawar,rahul.pawar463@example.com,Mumbai,Maharashtra,2026-01-19
CUST0464,Rahul,Sharma,rahul.sharma464@example.com,Bengaluru,Karnataka,2025-04-12
CUST0465,Ananya,Gupta,ananya.gupta465@example.com,Kolhapur,Maharashtra,2025-05-21
CUST0466,Vivaan,Kulkarni,vivaan.kulkarni466@example.com,Delhi,Delhi,2025-05-23
CUST0467,Riya,Jadhav,riya.jadhav467@example.com,Chennai,Tamil Nadu,2025-01-06
CUST0468,Aditya,Sharma,aditya.sharma468@example.com,Nagpur,Maharashtra,2025-08-09
CUST0469,Rohan,More,rohan.more469@example.com,Chennai,Tamil Nadu,2026-06-25
CUST0470,Priya,Patil,priya.patil470@example.com,Nagpur,Maharashtra,2025-09-01
CUST0471,Kunal,Patil,kunal.patil471@example.com,Pune,Maharashtra,2025-09-02
CUST0472,Priya,Singh,priya.singh472@example.com,Chennai,Tamil Nadu,2026-04-14
CUST0473,Aditya,Patil,aditya.patil473@example.com,Delhi,Delhi,2026-07-03
CUST0474,Aarav,Singh,aarav.singh474@example.com,Ahmedabad,Gujarat,2026-08-12
CUST0475,Rahul,Verma,rahul.verma475@example.com,Kolhapur,Maharashtra,2025-10-26
CUST0476,Priya,Sharma,priya.sharma476@example.com,Chennai,Tamil Nadu,2025-12-28
CUST0477,Rahul,Chavan,rahul.chavan477@example.com,Hyderabad,Telangana,2025-07-11
CUST0478,Aditya,More,aditya.more478@example.com,Bengaluru,Karnataka,2025-03-11
CUST0479,Neha,More,neha.more479@example.com,Ahmedabad,Gujarat,2026-06-04
CUST0480,Kavya,Sharma,kavya.sharma480@example.com,Hyderabad,Telangana,2026-04-27
CUST0481,Vivaan,Singh,vivaan.singh481@example.com,Hyderabad,Telangana,2026-01-18
CUST0482,Siddharth,Verma,siddharth.verma482@example.com,Pune,Maharashtra,2026-01-01
CUST0483,Aditya,Bhosale,aditya.bhosale483@example.com,Nashik,Maharashtra,2025-04-17
CUST0484,Meera,Verma,meera.verma484@example.com,Bengaluru,Karnataka,2025-05-17
CUST0485,Vivaan,Bhosale,vivaan.bhosale485@example.com,Ahmedabad,Gujarat,2025-12-13
CUST0486,Ishaan,Mehta,ishaan.mehta486@example.com,Delhi,Delhi,2026-05-06
CUST0487,Ishaan,Gupta,ishaan.gupta487@example.com,Kolhapur,Maharashtra,2025-03-06
CUST0488,Sneha,Sharma,sneha.sharma488@example.com,Nagpur,Maharashtra,2025-07-26
CUST0489,Vivaan,Gupta,vivaan.gupta489@example.com,Nashik,Maharashtra,2025-02-12
CUST0490,Ananya,Shah,ananya.shah490@example.com,Nagpur,Maharashtra,2026-06-12
CUST0491,Isha,Mehta,isha.mehta491@example.com,Ahmedabad,Gujarat,2026-04-30
CUST0492,Siddharth,Sharma,siddharth.sharma492@example.com,Nashik,Maharashtra,2025-10-20
CUST0493,Aisha,Mehta,aisha.mehta493@example.com,Pune,Maharashtra,2025-12-06
CUST0494,Siddharth,Patil,siddharth.patil494@example.com,Bengaluru,Karnataka,2026-03-24
CUST0495,Isha,Verma,isha.verma495@example.com,Delhi,Delhi,2026-01-31
CUST0496,Ananya,Deshmukh,ananya.deshmukh496@example.com,Delhi,Delhi,2026-05-25
CUST0497,Aisha,Shah,aisha.shah497@example.com,Ahmedabad,Gujarat,2025-10-01
CUST0498,Aditya,Verma,aditya.verma498@example.com,Hyderabad,Telangana,2025-03-22
CUST0499,Priya,Chavan,priya.chavan499@example.com,Kolhapur,Maharashtra,2026-07-13
CUST0500,Kunal,Bhosale,kunal.bhosale500@example.com,Mumbai,Maharashtra,2025-03-23
