order_id,customer_id,order_date,campaign_id,order_status,total_amount
ORD00001,CUST0186,2026-01-28,,CANCELLED,958.0
ORD00002,CUST0348,2026-04-06,,CANCELLED,7088.0
ORD00003,CUST0188,2026-02-12,,COMPLETED,5889.0
ORD00004,CUST0199,2026-07-30,,COMPLETED,6298.0
ORD00005,CUST0103,2025-05-06,,COMPLETED,938.0
ORD00006,CUST0461,2026-04-01,,PENDING,5039.0
ORD00007,CUST0149,2025-11-04,,CANCELLED,5893.0
ORD00008,CUST0063,2025-07-25,,COMPLETED,2406.0
ORD00009,CUST0284,2026-08-10,,COMPLETED,2126.0
ORD00010,CUST0204,2026-05-06,,COMPLETED,6888.0
ORD00011,CUST0349,2026-06-14,,COMPLETED,6641.0
ORD00012,CUST0467,2025-02-26,,COMPLETED,2885.0
ORD00013,CUST0479,2025-08-19,,COMPLETED,6090.0
ORD00014,CUST0065,2025-11-07,,COMPLETED,978.0
ORD00015,CUST0304,2026-08-18,,COMPLETED,1677.0
ORD00016,CUST0486,2026-08-14,,COMPLETED,6391.0
ORD00017,CUST0328,2025-02-01,,COMPLETED,4601.0
ORD00018,CUST0233,2025-03-16,,COMPLETED,3672.0
ORD00019,CUST0105,2025-12-15,,COMPLETED,4991.0
ORD00020,CUST0390,2026-01-15,,COMPLETED,898.0
ORD00021,CUST0239,2025-05-06,,COMPLETED,2176.0
ORD00022,CUST0485,2026-01-29,,CANCELLED,7048.0
ORD00023,CUST0256,2026-06-12,,COMPLETED,6567.0
ORD00024,CUST0495,2025-09-04,,COMPLETED,12087.0
ORD00025,CUST0147,2026-07-04,,COMPLETED,898.0
ORD00026,CUST0452,2025-09-28,,COMPLETED,7735.0
ORD00027,CUST0284,2025-10-23,,COMPLETED,7261.0
ORD00028,CUST0202,2026-01-18,,COMPLETED,6871.0
ORD00029,CUST0261,2026-02-16,,COMPLETED,998.0
ORD00030,CUST0366,2025-12-08,,COMPLETED,8447.0
ORD00031,CUST0202,2026-09-24,,COMPLETED,6596.0
ORD00032,CUST0363,2026-07-31,,COMPLETED,1347.0
ORD00033,CUST0345,2025-04-23,,PENDING,6290.0
ORD00034,CUST0136,2026-08-16,,COMPLETED,1916.0
ORD00035,CUST0088,2026-06-21,,COMPLETED,5521.0
ORD00036,CUST0010,2026-03-28,,COMPLETED,2894.0
ORD00037,CUST0257,2026-09-19,,CANCELLED,998.0
ORD00038,CUST0266,2025-08-01,,COMPLETED,8193.0
ORD00039,CUST0182,2025-09-28,,COMPLETED,4942.0
ORD00040,CUST0116,2025-11-01,,COMPLETED,6493.0
ORD00041,CUST0246,2025-12-24,,COMPLETED,7357.0
ORD00042,CUST0420,2025-12-20,,PENDING,2446.0
ORD00043,CUST0178,2026-03-29,,COMPLETED,9119.0
ORD00044,CUST0316,2026-08-24,,COMPLETED,1495.0
ORD00045,CUST0116,2025-08-27,,COMPLETED,4840.0
ORD00046,CUST0209,2026-05-03,,COMPLETED,4944.0
ORD00047,CUST0331,2025-03-02,,CANCELLED,1495.0
ORD00048,CUST0119,2026-07-02,,COMPLETED,2998.0
ORD00049,CUST0214,2025-06-30,,CANCELLED,2796.0
ORD00050,CUST0404,2026-05-23,,COMPLETED,10487.0
ORD00051,CUST0055,2025-12-10,,COMPLETED,7451.0
ORD00052,CUST0084,2026-04-15,,COMPLETED,2994.0
ORD00053,CUST0291,2025-07-17,,COMPLETED,3882.0
ORD00054,CUST0072,2026-05-04,,COMPLETED,3294.0
ORD00055,CUST0229,2025-10-01,,PENDING,6473.0
ORD00056,CUST0355,2025-08-30,,COMPLETED,1407.0
ORD00057,CUST0082,2026-02-20,,COMPLETED,4639.0
ORD00058,CUST0114,2025-08-13,,PENDING,7874.0
ORD00059,CUST0388,2026-07-05,,COMPLETED,5594.0
ORD00060,CUST0270,2026-04-03,,COMPLETED,10439.0
ORD00061,CUST0104,2026-08-10,,COMPLETED,5041.0
ORD00062,CUST0060,2025-07-30,,COMPLETED,7515.0
ORD00063,CUST0234,2026-08-01,,COMPLETED,6741.0
ORD00064,CUST0382,2025-08-12,,COMPLETED,1347.0
ORD00065,CUST0359,2025-03-07,,COMPLETED,1499.0
ORD00066,CUST0479,2026-04-29,,COMPLETED,12305.0
ORD00067,CUST0446,2026-01-22,,COMPLETED,1596.0
ORD00068,CUST0092,2026-07-05,,COMPLETED,1098.0
ORD00069,CUST0153,2026-04-20,,COMPLETED,7498.0
ORD00070,CUST0097,2025-04-26,,COMPLETED,5451.0
ORD00071,CUST0018,2026-04-03,,COMPLETED,599.0
ORD00072,CUST0206,2026-03-26,,COMPLETED,2397.0
ORD00073,CUST0258,2025-10-24,,COMPLETED,7432.0
ORD00074,CUST0449,2025-05-27,,PENDING,1996.0
ORD00075,CUST0286,2026-08-29,,CANCELLED,8691.0
ORD00076,CUST0254,2025-02-18,,PENDING,8347.0
ORD00077,CUST0193,2025-07-08,,COMPLETED,8738.0
ORD00078,CUST0212,2026-03-03,,COMPLETED,2545.0
ORD00079,CUST0170,2025-03-22,,CANCELLED,3084.0
ORD00080,CUST0194,2026-09-12,,COMPLETED,2995.0
ORD00081,CUST0371,2026-07-27,,COMPLETED,2546.0
ORD00082,CUST0109,2025-07-14,,PENDING,1996.0
ORD00083,CUST0469,2025-09-06,,COMPLETED,4042.0
ORD00084,CUST0398,2025-10-17,,COMPLETED,11037.0
ORD00085,CUST0051,2026-04-26,,COMPLETED,7342.0
ORD00086,CUST0289,2025-08-15,,COMPLETED,3245.0
ORD00087,CUST0479,2026-08-22,,COMPLETED,7307.0
ORD00088,CUST0256,2026-07-18,,COMPLETED,7530.0
ORD00089,CUST0376,2025-12-27,,COMPLETED,3932.0
ORD00090,CUST0392,2025-01-07,,COMPLETED,1597.0
ORD00091,CUST0112,2026-06-02,,COMPLETED,2395.0
ORD00092,CUST0468,2026-05-10,,COMPLETED,2495.0
ORD00093,CUST0283,2026-02-26,,COMPLETED,6039.0
ORD00094,CUST0055,2025-04-09,,COMPLETED,4432.0
ORD00095,CUST0418,2025-12-29,,COMPLETED,5948.0
ORD00096,CUST0351,2025-03-24,,COMPLETED,2196.0
ORD00097,CUST0195,2026-01-22,,COMPLETED,299.0
ORD00098,CUST0360,2025-06-25,,COMPLETED,6701.0
ORD00099,CUST0109,2026-08-04,,COMPLETED,1499.0
ORD00100,CUST0351,2025-10-15,,CANCELLED,1587.0
ORD00101,CUST0009,2025-08-01,,COMPLETED,13954.0
ORD00102,CUST0347,2026-07-08,,COMPLETED,3494.0
ORD00103,CUST0382,2025-12-21,,COMPLETED,11031.0
ORD00104,CUST0497,2025-12-01,,COMPLETED,6900.0
ORD00105,CUST0482,2026-01-20,,COMPLETED,4523.0
ORD00106,CUST0079,2026-01-25,,COMPLETED,2844.0
ORD00107,CUST0055,2025-04-04,,COMPLETED,3854.0
ORD00108,CUST0045,2025-07-11,,COMPLETED,12984.0
ORD00109,CUST0402,2025-11-29,,CANCELLED,2596.0
ORD00110,CUST0199,2025-03-28,,COMPLETED,2914.0
ORD00111,CUST0087,2025-05-23,,COMPLETED,4701.0
ORD00112,CUST0216,2025-11-03,,COMPLETED,1347.0
ORD00113,CUST0484,2025-09-10,,COMPLETED,5743.0
ORD00114,CUST0486,2026-02-10,,COMPLETED,8976.0
ORD00115,CUST0154,2025-11-25,,COMPLETED,2734.0
ORD00116,CUST0496,2025-11-23,,COMPLETED,8656.0
ORD00117,CUST0059,2026-08-01,,COMPLETED,2494.0
ORD00118,CUST0488,2026-04-18,,CANCELLED,2406.0
ORD00119,CUST0420,2026-02-23,,COMPLETED,2545.0
ORD00120,CUST0338,2025-06-07,,COMPLETED,10511.0
ORD00121,CUST0473,2026-03-05,,COMPLETED,3983.0
ORD00122,CUST0394,2025-09-12,,COMPLETED,3940.0
ORD00123,CUST0496,2025-12-06,,PENDING,14333.0
ORD00124,CUST0298,2026-08-13,,COMPLETED,6588.0
ORD00125,CUST0177,2025-01-26,,COMPLETED,4642.0
ORD00126,CUST0176,2026-04-12,,COMPLETED,5849.0
ORD00127,CUST0023,2025-04-28,,COMPLETED,9191.0
ORD00128,CUST0090,2026-07-20,,COMPLETED,7928.0
ORD00129,CUST0015,2026-09-21,,CANCELLED,4452.0
ORD00130,CUST0296,2025-04-15,,COMPLETED,6894.0
ORD00131,CUST0059,2025-09-26,,COMPLETED,7642.0
ORD00132,CUST0059,2025-12-23,,COMPLETED,6076.0
ORD00133,CUST0345,2025-05-18,,COMPLETED,2945.0
ORD00134,CUST0356,2025-05-25,,COMPLETED,11215.0
ORD00135,CUST0356,2025-06-27,,COMPLETED,7287.0
ORD00136,CUST0488,2025-01-10,,COMPLETED,5740.0
ORD00137,CUST0335,2026-05-22,,COMPLETED,4741.0
ORD00138,CUST0408,2025-08-14,,COMPLETED,6399.0
ORD00139,CUST0381,2026-05-23,,COMPLETED,479.0
ORD00140,CUST0138,2026-07-11,,COMPLETED,8280.0
ORD00141,CUST0112,2026-03-12,,COMPLETED,3445.0
ORD00142,CUST0135,2025-12-23,,CANCELLED,469.0
ORD00143,CUST0398,2025-08-31,,COMPLETED,6189.0
ORD00144,CUST0072,2025-07-31,,COMPLETED,1437.0
ORD00145,CUST0273,2025-10-15,,COMPLETED,2844.0
ORD00146,CUST0294,2025-10-01,,PENDING,2116.0
ORD00147,CUST0471,2025-03-02,,PENDING,2396.0
ORD00148,CUST0075,2025-11-26,,COMPLETED,6635.0
ORD00149,CUST0039,2025-04-06,,COMPLETED,5688.0
ORD00150,CUST0002,2025-04-06,,COMPLETED,10688.0
ORD00151,CUST0496,2026-03-16,,COMPLETED,11983.0
ORD00152,CUST0437,2026-05-12,,COMPLETED,499.0
ORD00153,CUST0321,2026-04-16,,COMPLETED,6465.0
ORD00154,CUST0104,2025-05-16,,CANCELLED,4573.0
ORD00155,CUST0043,2026-01-16,,COMPLETED,2395.0
ORD00156,CUST0220,2025-04-04,,COMPLETED,2396.0
ORD00157,CUST0040,2025-05-16,,COMPLETED,9289.0
ORD00158,CUST0037,2025-08-23,,COMPLETED,1647.0
ORD00159,CUST0189,2025-11-03,,COMPLETED,2097.0
ORD00160,CUST0272,2026-07-31,,COMPLETED,1836.0
ORD00161,CUST0471,2026-02-26,,COMPLETED,8738.0
ORD00162,CUST0180,2026-03-16,,COMPLETED,1897.0
ORD00163,CUST0284,2026-09-08,,COMPLETED,6490.0
ORD00164,CUST0311,2026-06-06,,COMPLETED,5489.0
ORD00165,CUST0256,2026-09-01,,COMPLETED,1347.0
ORD00166,CUST0068,2026-02-01,,CANCELLED,5229.0
ORD00167,CUST0035,2025-01-15,,COMPLETED,1499.0
ORD00168,CUST0486,2026-02-12,,COMPLETED,13333.0
ORD00169,CUST0143,2025-03-27,,COMPLETED,6582.0
ORD00170,CUST0201,2026-08-24,,COMPLETED,2596.0
ORD00171,CUST0374,2025-09-02,,COMPLETED,5996.0
ORD00172,CUST0060,2026-04-10,,COMPLETED,1298.0
ORD00173,CUST0062,2025-01-13,,COMPLETED,2116.0
ORD00174,CUST0488,2025-12-22,,COMPLETED,3535.0
ORD00175,CUST0172,2026-03-16,,COMPLETED,3245.0
ORD00176,CUST0322,2025-03-20,,COMPLETED,3363.0
ORD00177,CUST0131,2025-04-16,,CANCELLED,2995.0
ORD00178,CUST0002,2025-02-15,,CANCELLED,599.0
ORD00179,CUST0242,2026-01-08,,COMPLETED,4024.0
ORD00180,CUST0412,2026-03-06,,COMPLETED,2844.0
ORD00181,CUST0423,2025-03-21,,COMPLETED,489.0
ORD00182,CUST0092,2025-08-17,,COMPLETED,449.0
ORD00183,CUST0450,2026-04-22,,CANCELLED,3812.0
ORD00184,CUST0103,2025-10-26,,COMPLETED,6428.0
ORD00185,CUST0498,2026-05-21,,PENDING,1976.0
ORD00186,CUST0004,2026-02-24,,COMPLETED,2895.0
ORD00187,CUST0389,2026-01-21,,COMPLETED,5450.0
ORD00188,CUST0493,2025-03-03,,PENDING,1148.0
ORD00189,CUST0472,2025-08-26,,CANCELLED,10708.0
ORD00190,CUST0069,2026-02-08,,COMPLETED,898.0
ORD00191,CUST0122,2025-10-26,,COMPLETED,9290.0
ORD00192,CUST0140,2025-08-28,,COMPLETED,3644.0
ORD00193,CUST0080,2025-04-19,,COMPLETED,5908.0
ORD00194,CUST0238,2025-09-29,,CANCELLED,1587.0
ORD00195,CUST0424,2026-09-10,,COMPLETED,4701.0
ORD00196,CUST0263,2025-02-20,,COMPLETED,7407.0
ORD00197,CUST0384,2026-07-18,,COMPLETED,3305.0
ORD00198,CUST0067,2025-07-22,,COMPLETED,11289.0
ORD00199,CUST0133,2025-03-18,,COMPLETED,2396.0
ORD00200,CUST0415,2025-05-12,,COMPLETED,3892.0
ORD00201,CUST0222,2026-02-09,,COMPLETED,4430.0
ORD00202,CUST0229,2025-06-02,,COMPLETED,3792.0
ORD00203,CUST0452,2026-07-18,,COMPLETED,2596.0
ORD00204,CUST0071,2026-03-06,,COMPLETED,2494.0
ORD00205,CUST0196,2026-01-03,,COMPLETED,5710.0
ORD00206,CUST0164,2026-09-04,,COMPLETED,7837.0
ORD00207,CUST0120,2025-06-13,,COMPLETED,1627.0
ORD00208,CUST0295,2026-02-02,,COMPLETED,4442.0
ORD00209,CUST0413,2026-01-03,,CANCELLED,1497.0
ORD00210,CUST0486,2026-08-05,,COMPLETED,7791.0
ORD00211,CUST0159,2025-06-29,,COMPLETED,998.0
ORD00212,CUST0309,2025-08-13,,COMPLETED,5100.0
ORD00213,CUST0031,2025-01-23,,COMPLETED,6642.0
ORD00214,CUST0492,2025-03-16,,COMPLETED,6029.0
ORD00215,CUST0406,2026-05-14,,COMPLETED,3962.0
ORD00216,CUST0115,2026-08-27,,COMPLETED,10490.0
ORD00217,CUST0201,2026-08-05,,COMPLETED,8472.0
ORD00218,CUST0480,2026-05-24,,COMPLETED,1797.0
ORD00219,CUST0164,2025-06-21,,COMPLETED,2097.0
ORD00220,CUST0229,2025-01-12,,COMPLETED,3144.0
ORD00221,CUST0403,2025-04-21,,COMPLETED,1796.0
ORD00222,CUST0376,2026-03-06,,PENDING,6566.0
ORD00223,CUST0334,2025-08-19,,COMPLETED,999.0
ORD00224,CUST0151,2025-01-21,,COMPLETED,1647.0
ORD00225,CUST0088,2026-01-20,,COMPLETED,489.0
ORD00226,CUST0174,2026-09-01,,PENDING,5887.0
ORD00227,CUST0028,2025-04-14,,COMPLETED,4740.0
ORD00228,CUST0136,2025-10-16,,COMPLETED,1996.0
ORD00229,CUST0293,2026-07-17,,COMPLETED,2295.0
ORD00230,CUST0045,2025-10-29,,COMPLETED,9340.0
ORD00231,CUST0433,2025-04-29,,COMPLETED,10458.0
ORD00232,CUST0190,2026-01-26,,COMPLETED,9197.0
ORD00233,CUST0032,2025-06-04,,COMPLETED,1647.0
ORD00234,CUST0414,2026-07-09,,COMPLETED,4451.0
ORD00235,CUST0215,2026-07-03,,COMPLETED,6589.0
ORD00236,CUST0293,2026-06-14,,COMPLETED,4194.0
ORD00237,CUST0486,2025-06-21,,PENDING,2615.0
ORD00238,CUST0350,2026-03-22,,COMPLETED,3534.0
ORD00239,CUST0467,2025-03-10,,COMPLETED,13145.0
ORD00240,CUST0268,2026-03-06,,COMPLETED,5040.0
ORD00241,CUST0389,2025-04-13,,CANCELLED,2997.0
ORD00242,CUST0445,2026-07-03,,CANCELLED,7155.0
ORD00243,CUST0089,2025-10-10,,COMPLETED,4740.0
ORD00244,CUST0460,2026-01-17,,COMPLETED,4585.0
ORD00245,CUST0154,2026-03-30,,COMPLETED,4642.0
ORD00246,CUST0227,2025-08-05,,CANCELLED,7939.0
ORD00247,CUST0034,2025-11-15,,COMPLETED,4463.0
ORD00248,CUST0429,2025-03-01,,COMPLETED,7835.0
ORD00249,CUST0204,2025-05-07,,COMPLETED,4121.0
ORD00250,CUST0091,2026-05-01,,COMPLETED,2685.0
ORD00251,CUST0198,2025-02-20,,COMPLETED,2596.0
ORD00252,CUST0138,2026-02-24,,COMPLETED,938.0
ORD00253,CUST0332,2025-06-27,,COMPLETED,1797.0
ORD00254,CUST0312,2025-11-09,,COMPLETED,7191.0
ORD00255,CUST0239,2025-11-06,,COMPLETED,9122.0
ORD00256,CUST0145,2025-11-02,,COMPLETED,5838.0
ORD00257,CUST0097,2025-06-03,,COMPLETED,9491.0
ORD00258,CUST0339,2025-11-24,,COMPLETED,1196.0
ORD00259,CUST0152,2025-09-23,,CANCELLED,5698.0
ORD00260,CUST0352,2026-07-02,,COMPLETED,8318.0
ORD00261,CUST0151,2025-04-10,,COMPLETED,4484.0
ORD00262,CUST0114,2025-12-30,,COMPLETED,6589.0
ORD00263,CUST0151,2026-04-20,,CANCELLED,8205.0
ORD00264,CUST0456,2025-07-19,,COMPLETED,4671.0
ORD00265,CUST0210,2026-08-07,,CANCELLED,6820.0
ORD00266,CUST0161,2025-03-01,,COMPLETED,7591.0
ORD00267,CUST0251,2025-04-01,,COMPLETED,4690.0
ORD00268,CUST0274,2025-07-24,,COMPLETED,4497.0
ORD00269,CUST0388,2026-06-28,,COMPLETED,598.0
ORD00270,CUST0116,2025-12-19,,COMPLETED,2245.0
ORD00271,CUST0302,2025-11-10,,COMPLETED,1947.0
ORD00272,CUST0234,2026-06-17,,COMPLETED,4130.0
ORD00273,CUST0385,2025-07-12,,COMPLETED,5390.0
ORD00274,CUST0259,2025-06-23,,COMPLETED,1347.0
ORD00275,CUST0395,2026-07-02,,COMPLETED,299.0
ORD00276,CUST0335,2025-01-21,,COMPLETED,1796.0
ORD00277,CUST0195,2025-05-07,,COMPLETED,5981.0
ORD00278,CUST0340,2026-06-17,,COMPLETED,3944.0
ORD00279,CUST0369,2026-09-25,,COMPLETED,999.0
ORD00280,CUST0255,2025-07-23,,COMPLETED,5850.0
ORD00281,CUST0083,2025-02-10,,COMPLETED,2435.0
ORD00282,CUST0002,2025-01-14,,COMPLETED,3495.0
ORD00283,CUST0343,2026-05-21,,COMPLETED,4995.0
ORD00284,CUST0039,2025-04-14,,CANCELLED,4003.0
ORD00285,CUST0026,2025-04-13,,COMPLETED,2097.0
ORD00286,CUST0185,2025-11-17,,COMPLETED,549.0
ORD00287,CUST0005,2025-05-22,,COMPLETED,9291.0
ORD00288,CUST0138,2025-04-06,,COMPLETED,5659.0
ORD00289,CUST0428,2026-01-30,,COMPLETED,3254.0
ORD00290,CUST0054,2026-03-03,,CANCELLED,6996.0
ORD00291,CUST0314,2025-01-30,,CANCELLED,6465.0
ORD00292,CUST0226,2025-02-17,,COMPLETED,6485.0
ORD00293,CUST0115,2025-12-13,,COMPLETED,898.0
ORD00294,CUST0247,2025-12-21,,COMPLETED,4601.0
ORD00295,CUST0435,2026-04-26,,CANCELLED,5193.0
ORD00296,CUST0124,2025-12-05,,PENDING,978.0
ORD00297,CUST0282,2026-01-23,,COMPLETED,4541.0
ORD00298,CUST0230,2025-04-01,,CANCELLED,4870.0
ORD00299,CUST0019,2026-07-25,,COMPLETED,4995.0
ORD00300,CUST0494,2026-09-26,,COMPLETED,5693.0
ORD00301,CUST0187,2025-02-25,,COMPLETED,9114.0
ORD00302,CUST0059,2025-04-10,,COMPLETED,2844.0
ORD00303,CUST0281,2026-06-19,,COMPLETED,998.0
ORD00304,CUST0253,2025-05-24,,COMPLETED,4861.0
ORD00305,CUST0235,2025-07-15,,COMPLETED,3996.0
ORD00306,CUST0024,2026-08-26,,COMPLETED,5058.0
ORD00307,CUST0377,2025-02-19,,COMPLETED,5709.0
ORD00308,CUST0054,2026-02-01,,COMPLETED,5440.0
ORD00309,CUST0204,2025-12-18,,PENDING,11982.0
ORD00310,CUST0441,2025-11-18,,COMPLETED,7492.0
ORD00311,CUST0352,2025-12-20,,CANCELLED,2493.0
ORD00312,CUST0278,2025-11-27,,COMPLETED,6716.0
ORD00313,CUST0147,2026-03-09,,COMPLETED,1996.0
ORD00314,CUST0075,2025-02-24,,COMPLETED,4295.0
ORD00315,CUST0350,2025-09-14,,COMPLETED,1497.0
ORD00316,CUST0105,2026-07-09,,COMPLETED,7194.0
ORD00317,CUST0122,2026-06-08,,COMPLETED,5188.0
ORD00318,CUST0490,2025-11-17,,PENDING,1497.0
ORD00319,CUST0104,2026-09-28,,CANCELLED,9082.0
ORD00320,CUST0101,2025-07-18,,COMPLETED,1696.0
ORD00321,CUST0377,2026-06-11,,COMPLETED,1347.0
ORD00322,CUST0285,2025-09-28,,COMPLETED,2385.0
ORD00323,CUST0476,2025-11-27,,COMPLETED,5821.0
ORD00324,CUST0402,2025-11-22,,COMPLETED,3543.0
ORD00325,CUST0213,2026-07-11,,COMPLETED,898.0
ORD00326,CUST0453,2025-08-07,,COMPLETED,7886.0
ORD00327,CUST0288,2025-01-10,,COMPLETED,5938.0
ORD00328,CUST0491,2025-02-10,,COMPLETED,7538.0
ORD00329,CUST0371,2025-10-17,,COMPLETED,7451.0
ORD00330,CUST0152,2025-07-17,,COMPLETED,1098.0
ORD00331,CUST0498,2026-07-05,,COMPLETED,1198.0
ORD00332,CUST0443,2026-03-11,,COMPLETED,2655.0
ORD00333,CUST0383,2025-06-07,,COMPLETED,3694.0
ORD00334,CUST0286,2025-03-14,,COMPLETED,8592.0
ORD00335,CUST0231,2026-02-19,,COMPLETED,449.0
ORD00336,CUST0274,2025-01-07,,COMPLETED,4995.0
ORD00337,CUST0024,2025-03-16,,COMPLETED,1947.0
ORD00338,CUST0311,2025-03-30,,COMPLETED,7287.0
ORD00339,CUST0070,2026-02-05,,COMPLETED,4671.0
ORD00340,CUST0448,2026-07-23,,COMPLETED,2495.0
ORD00341,CUST0306,2026-02-08,,COMPLETED,1298.0
ORD00342,CUST0384,2025-12-19,,COMPLETED,8553.0
ORD00343,CUST0428,2025-09-16,,COMPLETED,2494.0
ORD00344,CUST0436,2026-07-17,,COMPLETED,649.0
ORD00345,CUST0129,2025-04-11,,COMPLETED,5479.0
ORD00346,CUST0036,2025-07-18,,COMPLETED,7943.0
ORD00347,CUST0187,2025-11-20,,PENDING,1896.0
ORD00348,CUST0365,2026-03-23,,COMPLETED,4779.0
ORD00349,CUST0229,2026-01-03,,COMPLETED,5179.0
ORD00350,CUST0457,2026-07-06,,COMPLETED,499.0
ORD00351,CUST0457,2025-01-20,,COMPLETED,3495.0
ORD00352,CUST0297,2026-02-19,,COMPLETED,8992.0
ORD00353,CUST0279,2026-07-07,,COMPLETED,3143.0
ORD00354,CUST0376,2025-10-25,,COMPLETED,1347.0
ORD00355,CUST0258,2025-01-11,,COMPLETED,3954.0
ORD00356,CUST0082,2025-07-03,,COMPLETED,6493.0
ORD00357,CUST0021,2025-08-13,,COMPLETED,2945.0
ORD00358,CUST0022,2025-07-31,,COMPLETED,3015.0
ORD00359,CUST0053,2026-06-18,,COMPLETED,9235.0
ORD00360,CUST0090,2026-01-21,,COMPLETED,5488.0
ORD00361,CUST0499,2025-08-17,,COMPLETED,11037.0
ORD00362,CUST0004,2026-05-29,,CANCELLED,4861.0
ORD00363,CUST0081,2026-01-06,,COMPLETED,598.0
ORD00364,CUST0213,2025-12-05,,COMPLETED,5828.0
ORD00365,CUST0125,2025-02-14,,COMPLETED,2944.0
ORD00366,CUST0457,2026-08-10,,COMPLETED,5361.0
ORD00367,CUST0307,2026-08-01,,COMPLETED,7017.0
ORD00368,CUST0088,2025-08-13,,COMPLETED,4393.0
ORD00369,CUST0338,2026-06-08,,COMPLETED,8922.0
ORD00370,CUST0194,2026-01-30,,COMPLETED,2995.0
ORD00371,CUST0441,2026-06-01,,COMPLETED,3154.0
ORD00372,CUST0462,2026-09-22,,COMPLETED,2196.0
ORD00373,CUST0338,2025-05-14,,CANCELLED,5996.0
ORD00374,CUST0268,2026-03-07,,COMPLETED,2495.0
ORD00375,CUST0220,2025-08-23,,CANCELLED,14735.0
ORD00376,CUST0069,2025-09-18,,COMPLETED,3596.0
ORD00377,CUST0307,2026-07-11,,COMPLETED,2994.0
ORD00378,CUST0268,2025-05-01,,COMPLETED,4390.0
ORD00379,CUST0219,2026-08-23,,COMPLETED,12055.0
ORD00380,CUST0402,2026-07-25,,COMPLETED,8309.0
ORD00381,CUST0177,2026-02-12,,COMPLETED,998.0
ORD00382,CUST0229,2025-06-15,,COMPLETED,10398.0
ORD00383,CUST0494,2025-01-06,,COMPLETED,2355.0
ORD00384,CUST0033,2025-09-27,,COMPLETED,479.0
ORD00385,CUST0371,2026-01-29,,CANCELLED,6268.0
ORD00386,CUST0225,2025-01-11,,COMPLETED,10485.0
ORD00387,CUST0358,2025-08-26,,COMPLETED,898.0
ORD00388,CUST0336,2025-01-01,,PENDING,2596.0
ORD00389,CUST0181,2026-02-09,,COMPLETED,988.0
ORD00390,CUST0282,2025-10-19,,COMPLETED,5691.0
ORD00391,CUST0233,2026-02-18,,COMPLETED,3263.0
ORD00392,CUST0258,2025-10-29,,COMPLETED,4995.0
ORD00393,CUST0490,2025-09-21,,CANCELLED,5269.0
ORD00394,CUST0388,2025-12-14,,PENDING,3601.0
ORD00395,CUST0196,2025-08-14,,COMPLETED,5343.0
ORD00396,CUST0265,2026-07-03,,COMPLETED,4892.0
ORD00397,CUST0284,2025-07-02,,COMPLETED,4752.0
ORD00398,CUST0378,2025-07-24,,COMPLETED,2696.0
ORD00399,CUST0104,2025-09-13,,COMPLETED,3724.0
ORD00400,CUST0315,2025-01-07,,COMPLETED,2796.0
ORD00401,CUST0191,2026-09-28,,COMPLETED,7928.0
ORD00402,CUST0114,2026-08-14,,COMPLETED,7157.0
ORD00403,CUST0500,2025-05-04,,COMPLETED,6388.0
ORD00404,CUST0167,2026-01-06,,COMPLETED,5121.0
ORD00405,CUST0491,2026-09-20,,COMPLETED,2734.0
ORD00406,CUST0359,2026-01-17,,COMPLETED,5180.0
ORD00407,CUST0370,2025-10-04,,COMPLETED,4851.0
ORD00408,CUST0216,2026-05-27,,COMPLETED,8587.0
ORD00409,CUST0025,2026-02-12,,COMPLETED,3893.0
ORD00410,CUST0430,2025-04-09,,COMPLETED,7587.0
ORD00411,CUST0177,2025-01-21,,COMPLETED,5288.0
ORD00412,CUST0333,2026-07-06,,COMPLETED,9437.0
ORD00413,CUST0456,2025-03-22,,COMPLETED,3951.0
ORD00414,CUST0324,2026-09-20,,COMPLETED,1098.0
ORD00415,CUST0176,2025-08-22,,COMPLETED,5859.0
ORD00416,CUST0400,2026-01-07,,COMPLETED,4552.0
ORD00417,CUST0108,2025-06-20,,COMPLETED,2196.0
ORD00418,CUST0281,2025-02-25,,COMPLETED,8259.0
ORD00419,CUST0336,2026-02-04,,COMPLETED,3294.0
ORD00420,CUST0068,2026-06-24,,COMPLETED,1497.0
ORD00421,CUST0441,2025-11-30,,CANCELLED,10017.0
ORD00422,CUST0303,2026-09-04,,COMPLETED,12655.0
ORD00423,CUST0117,2025-04-02,,COMPLETED,2525.0
ORD00424,CUST0268,2025-05-20,,COMPLETED,5828.0
ORD00425,CUST0409,2025-10-27,,COMPLETED,1467.0
ORD00426,CUST0097,2026-02-26,,CANCELLED,6747.0
ORD00427,CUST0041,2026-03-09,,COMPLETED,6138.0
ORD00428,CUST0097,2025-03-12,,COMPLETED,5348.0
ORD00429,CUST0359,2026-09-30,,COMPLETED,6022.0
ORD00430,CUST0498,2025-04-15,,COMPLETED,1437.0
ORD00431,CUST0047,2025-06-04,,COMPLETED,3143.0
ORD00432,CUST0191,2026-04-20,,COMPLETED,449.0
ORD00433,CUST0432,2025-05-30,,COMPLETED,4970.0
ORD00434,CUST0063,2025-09-12,,COMPLETED,8388.0
ORD00435,CUST0243,2026-02-03,,COMPLETED,6389.0
ORD00436,CUST0063,2025-09-17,,COMPLETED,2645.0
ORD00437,CUST0325,2026-03-21,,COMPLETED,5644.0
ORD00438,CUST0203,2025-09-06,,COMPLETED,1916.0
ORD00439,CUST0353,2026-09-03,,COMPLETED,1198.0
ORD00440,CUST0256,2025-04-04,,COMPLETED,3395.0
ORD00441,CUST0331,2025-06-07,,COMPLETED,2116.0
ORD00442,CUST0120,2025-11-21,,PENDING,4463.0
ORD00443,CUST0184,2025-05-18,,COMPLETED,1876.0
ORD00444,CUST0287,2025-10-29,,COMPLETED,6817.0
ORD00445,CUST0445,2026-09-06,,CANCELLED,3054.0
ORD00446,CUST0152,2025-09-27,,COMPLETED,6738.0
ORD00447,CUST0439,2026-01-08,,COMPLETED,2944.0
ORD00448,CUST0420,2026-02-01,,COMPLETED,8017.0
ORD00449,CUST0057,2025-04-09,,COMPLETED,998.0
ORD00450,CUST0092,2025-02-02,,COMPLETED,9482.0
ORD00451,CUST0360,2026-08-28,,COMPLETED,2076.0
ORD00452,CUST0336,2026-05-19,,CANCELLED,469.0
ORD00453,CUST0185,2026-07-26,,COMPLETED,8436.0
ORD00454,CUST0021,2025-03-14,,COMPLETED,2995.0
ORD00455,CUST0050,2025-04-14,,COMPLETED,11166.0
ORD00456,CUST0384,2026-07-26,,COMPLETED,4995.0
ORD00457,CUST0184,2026-04-15,,COMPLETED,15333.0
ORD00458,CUST0337,2025-06-11,,COMPLETED,10596.0
ORD00459,CUST0423,2025-11-28,,COMPLETED,5242.0
ORD00460,CUST0185,2026-04-09,,COMPLETED,11787.0
ORD00461,CUST0456,2025-11-06,,COMPLETED,2496.0
ORD00462,CUST0396,2025-10-10,,CANCELLED,3693.0
ORD00463,CUST0080,2025-05-22,,COMPLETED,2446.0
ORD00464,CUST0293,2026-02-14,,COMPLETED,3693.0
ORD00465,CUST0089,2026-05-15,,COMPLETED,1437.0
ORD00466,CUST0020,2026-08-14,,COMPLETED,4497.0
ORD00467,CUST0179,2026-03-21,,COMPLETED,1398.0
ORD00468,CUST0383,2026-09-09,,CANCELLED,10185.0
ORD00469,CUST0168,2026-05-30,,COMPLETED,3192.0
ORD00470,CUST0386,2026-09-02,,COMPLETED,2396.0
ORD00471,CUST0149,2026-02-08,,COMPLETED,4810.0
ORD00472,CUST0135,2025-03-29,,COMPLETED,13545.0
ORD00473,CUST0203,2026-08-09,,COMPLETED,3993.0
ORD00474,CUST0166,2026-08-13,,COMPLETED,6788.0
ORD00475,CUST0395,2025-11-09,,COMPLETED,7409.0
ORD00476,CUST0226,2025-02-15,,CANCELLED,2395.0
ORD00477,CUST0388,2025-03-29,,COMPLETED,2995.0
ORD00478,CUST0475,2025-06-01,,CANCELLED,3842.0
ORD00479,CUST0242,2025-01-24,,COMPLETED,4462.0
ORD00480,CUST0281,2026-05-10,,COMPLETED,6495.0
ORD00481,CUST0299,2026-06-24,,COMPLETED,4243.0
ORD00482,CUST0139,2025-02-24,,COMPLETED,2196.0
ORD00483,CUST0339,2025-10-05,,COMPLETED,5291.0
ORD00484,CUST0195,2026-06-05,,PENDING,4497.0
ORD00485,CUST0249,2026-09-04,,COMPLETED,4841.0
ORD00486,CUST0475,2025-01-23,,COMPLETED,2714.0
ORD00487,CUST0351,2025-12-27,,COMPLETED,4662.0
ORD00488,CUST0456,2025-01-31,,CANCELLED,3903.0
ORD00489,CUST0374,2026-01-27,,COMPLETED,3443.0
ORD00490,CUST0219,2025-11-16,,CANCELLED,4561.0
ORD00491,CUST0278,2025-07-27,,CANCELLED,7972.0
ORD00492,CUST0336,2026-08-02,,CANCELLED,3624.0
ORD00493,CUST0430,2025-05-30,,COMPLETED,8390.0
ORD00494,CUST0078,2025-07-12,,COMPLETED,7490.0
ORD00495,CUST0137,2026-09-13,,COMPLETED,1557.0
ORD00496,CUST0184,2025-03-23,,COMPLETED,6357.0
ORD00497,CUST0243,2025-05-21,,COMPLETED,1846.0
ORD00498,CUST0487,2026-02-27,,COMPLETED,2197.0
ORD00499,CUST0475,2026-03-26,,CANCELLED,7256.0
ORD00500,CUST0377,2026-01-25,,COMPLETED,11384.0
ORD00501,CUST0056,2026-04-08,,COMPLETED,2998.0
ORD00502,CUST0266,2026-07-05,,COMPLETED,1956.0
ORD00503,CUST0265,2025-02-20,,COMPLETED,9187.0
ORD00504,CUST0314,2025-02-25,,COMPLETED,2575.0
ORD00505,CUST0370,2026-05-28,,COMPLETED,7343.0
ORD00506,CUST0013,2025-07-03,,COMPLETED,2906.0
ORD00507,CUST0166,2025-06-17,,COMPLETED,549.0
ORD00508,CUST0362,2026-04-06,,COMPLETED,1956.0
ORD00509,CUST0373,2026-06-08,,COMPLETED,2285.0
ORD00510,CUST0394,2025-06-24,,CANCELLED,2456.0
ORD00511,CUST0394,2025-02-22,,COMPLETED,3964.0
ORD00512,CUST0461,2025-05-15,,PENDING,1437.0
ORD00513,CUST0007,2026-04-15,,COMPLETED,7347.0
ORD00514,CUST0338,2026-05-03,,COMPLETED,8085.0
ORD00515,CUST0322,2026-07-25,,COMPLETED,1527.0
ORD00516,CUST0335,2025-12-24,,COMPLETED,1495.0
ORD00517,CUST0430,2026-09-10,,COMPLETED,499.0
ORD00518,CUST0214,2025-07-02,,COMPLETED,6385.0
ORD00519,CUST0091,2026-04-12,,COMPLETED,7641.0
ORD00520,CUST0460,2026-01-24,,COMPLETED,6270.0
ORD00521,CUST0169,2026-06-24,,COMPLETED,3094.0
ORD00522,CUST0056,2026-08-09,,COMPLETED,2345.0
ORD00523,CUST0479,2025-10-22,,COMPLETED,5670.0
ORD00524,CUST0315,2026-07-31,,COMPLETED,5472.0
ORD00525,CUST0061,2025-01-25,,COMPLETED,998.0
ORD00526,CUST0410,2026-09-23,,PENDING,4312.0
ORD00527,CUST0131,2025-03-11,,COMPLETED,6690.0
ORD00528,CUST0371,2026-08-06,,COMPLETED,1398.0
ORD00529,CUST0100,2025-12-05,,COMPLETED,8868.0
ORD00530,CUST0457,2026-07-04,,CANCELLED,8336.0
ORD00531,CUST0372,2025-11-20,,COMPLETED,2995.0
ORD00532,CUST0351,2025-12-06,,COMPLETED,4732.0
ORD00533,CUST0321,2026-07-02,,COMPLETED,6309.0
ORD00534,CUST0045,2026-05-24,,CANCELLED,6380.0
ORD00535,CUST0090,2025-04-25,,COMPLETED,1998.0
ORD00536,CUST0468,2025-04-05,,COMPLETED,3996.0
ORD00537,CUST0464,2026-05-28,,COMPLETED,10399.0
ORD00538,CUST0074,2025-04-11,,COMPLETED,2595.0
ORD00539,CUST0199,2026-06-19,,COMPLETED,8891.0
ORD00540,CUST0240,2025-02-17,,COMPLETED,5452.0
ORD00541,CUST0103,2025-07-17,,COMPLETED,3004.0
ORD00542,CUST0081,2025-10-08,,COMPLETED,2995.0
ORD00543,CUST0180,2026-07-17,,COMPLETED,6492.0
ORD00544,CUST0126,2025-06-25,,COMPLETED,3443.0
ORD00545,CUST0463,2025-02-21,,COMPLETED,2196.0
ORD00546,CUST0201,2025-07-03,,COMPLETED,6648.0
ORD00547,CUST0291,2025-05-15,,COMPLETED,5968.0
ORD00548,CUST0074,2026-09-24,,COMPLETED,4930.0
ORD00549,CUST0250,2025-01-31,,COMPLETED,1796.0
ORD00550,CUST0237,2025-06-24,,COMPLETED,6010.0
ORD00551,CUST0419,2025-04-20,,COMPLETED,2997.0
ORD00552,CUST0273,2026-04-18,,COMPLETED,9599.0
ORD00553,CUST0175,2025-08-02,,COMPLETED,7300.0
ORD00554,CUST0379,2026-08-11,,COMPLETED,2395.0
ORD00555,CUST0238,2025-11-30,,COMPLETED,7735.0
ORD00556,CUST0168,2026-05-22,,COMPLETED,1098.0
ORD00557,CUST0419,2025-05-23,,CANCELLED,1998.0
ORD00558,CUST0339,2025-06-02,,COMPLETED,4152.0
ORD00559,CUST0349,2025-11-21,,COMPLETED,7441.0
ORD00560,CUST0005,2026-09-19,,PENDING,5890.0
ORD00561,CUST0361,2026-07-28,,COMPLETED,4543.0
ORD00562,CUST0360,2026-08-28,,COMPLETED,7287.0
ORD00563,CUST0109,2025-06-27,,COMPLETED,3263.0
ORD00564,CUST0079,2025-10-23,,PENDING,1028.0
ORD00565,CUST0074,2026-05-14,,COMPLETED,4312.0
ORD00566,CUST0458,2026-09-11,,CANCELLED,4321.0
ORD00567,CUST0420,2026-04-06,,COMPLETED,3094.0
ORD00568,CUST0296,2026-05-26,,COMPLETED,3453.0
ORD00569,CUST0475,2026-07-14,,COMPLETED,2495.0
ORD00570,CUST0248,2026-01-13,,COMPLETED,13753.0
ORD00571,CUST0041,2026-06-20,,CANCELLED,2396.0
ORD00572,CUST0323,2025-03-21,,COMPLETED,4690.0
ORD00573,CUST0233,2026-06-09,,CANCELLED,4692.0
ORD00574,CUST0019,2026-09-04,,COMPLETED,5438.0
ORD00575,CUST0027,2025-10-26,,COMPLETED,2596.0
ORD00576,CUST0043,2025-05-10,,COMPLETED,4971.0
ORD00577,CUST0008,2025-04-25,,COMPLETED,1835.0
ORD00578,CUST0134,2025-08-30,,COMPLETED,449.0
ORD00579,CUST0496,2025-05-29,,COMPLETED,4672.0
ORD00580,CUST0122,2026-03-27,,COMPLETED,2276.0
ORD00581,CUST0329,2025-09-28,,COMPLETED,998.0
ORD00582,CUST0238,2026-02-13,,COMPLETED,9745.0
ORD00583,CUST0075,2026-06-28,,CANCELLED,2596.0
ORD00584,CUST0196,2025-11-20,,PENDING,2745.0
ORD00585,CUST0327,2025-12-29,,PENDING,4330.0
ORD00586,CUST0336,2026-08-22,,COMPLETED,3093.0
ORD00587,CUST0267,2025-12-12,,COMPLETED,938.0
ORD00588,CUST0426,2025-03-11,,COMPLETED,489.0
ORD00589,CUST0351,2026-04-02,,COMPLETED,4143.0
ORD00590,CUST0030,2026-09-01,,COMPLETED,778.0
ORD00591,CUST0045,2026-09-12,,COMPLETED,4645.0
ORD00592,CUST0151,2026-04-24,,COMPLETED,1196.0
ORD00593,CUST0473,2025-10-11,,COMPLETED,3235.0
ORD00594,CUST0196,2026-02-02,,COMPLETED,1947.0
ORD00595,CUST0092,2026-03-28,,COMPLETED,2754.0
ORD00596,CUST0056,2025-05-28,,COMPLETED,4681.0
ORD00597,CUST0038,2025-03-14,,COMPLETED,5433.0
ORD00598,CUST0478,2025-02-08,,COMPLETED,5060.0
ORD00599,CUST0264,2026-05-18,,COMPLETED,7688.0
ORD00600,CUST0489,2026-05-09,,COMPLETED,2744.0
ORD00601,CUST0188,2026-07-02,,CANCELLED,3983.0
ORD00602,CUST0284,2025-02-10,,PENDING,3095.0
ORD00603,CUST0323,2026-01-03,,COMPLETED,5240.0
ORD00604,CUST0251,2026-02-03,,COMPLETED,3364.0
ORD00605,CUST0174,2025-02-27,,COMPLETED,449.0
ORD00606,CUST0109,2026-06-20,,COMPLETED,1477.0
ORD00607,CUST0019,2025-05-25,,COMPLETED,2345.0
ORD00608,CUST0024,2025-09-06,,COMPLETED,2086.0
ORD00609,CUST0421,2025-04-10,,COMPLETED,1178.0
ORD00610,CUST0059,2026-05-25,,COMPLETED,5094.0
ORD00611,CUST0173,2026-02-16,,COMPLETED,1597.0
ORD00612,CUST0304,2025-06-27,,COMPLETED,1298.0
ORD00613,CUST0388,2026-03-02,,COMPLETED,4092.0
ORD00614,CUST0069,2025-04-13,,COMPLETED,2965.0
ORD00615,CUST0475,2025-04-02,,COMPLETED,4792.0
ORD00616,CUST0074,2025-10-05,,COMPLETED,6198.0
ORD00617,CUST0314,2025-04-01,,COMPLETED,4141.0
ORD00618,CUST0061,2026-06-27,,PENDING,7449.0
ORD00619,CUST0395,2025-08-02,,COMPLETED,5094.0
ORD00620,CUST0255,2025-06-30,,COMPLETED,1497.0
ORD00621,CUST0146,2025-08-03,,COMPLETED,3614.0
ORD00622,CUST0380,2025-02-23,,CANCELLED,4525.0
ORD00623,CUST0264,2025-04-29,,COMPLETED,4840.0
ORD00624,CUST0167,2026-03-06,,COMPLETED,4344.0
ORD00625,CUST0122,2026-02-27,,CANCELLED,12316.0
ORD00626,CUST0075,2025-08-10,,CANCELLED,8858.0
ORD00627,CUST0104,2025-12-10,,COMPLETED,1298.0
ORD00628,CUST0057,2026-04-22,,COMPLETED,3345.0
ORD00629,CUST0310,2025-06-10,,COMPLETED,1447.0
ORD00630,CUST0211,2026-06-19,,COMPLETED,3323.0
ORD00631,CUST0008,2026-03-15,,COMPLETED,4641.0
ORD00632,CUST0114,2026-08-29,,CANCELLED,449.0
ORD00633,CUST0021,2026-04-27,,COMPLETED,2245.0
ORD00634,CUST0202,2026-05-06,,COMPLETED,1876.0
ORD00635,CUST0124,2025-03-27,,COMPLETED,1996.0
ORD00636,CUST0487,2025-08-12,,COMPLETED,3442.0
ORD00637,CUST0083,2026-04-16,,CANCELLED,1876.0
ORD00638,CUST0396,2025-05-22,,CANCELLED,4760.0
ORD00639,CUST0458,2025-12-07,,COMPLETED,10485.0
ORD00640,CUST0407,2025-08-01,,COMPLETED,1437.0
ORD00641,CUST0377,2025-02-26,,COMPLETED,9689.0
ORD00642,CUST0317,2025-02-11,,COMPLETED,2744.0
ORD00643,CUST0364,2025-07-29,,COMPLETED,5939.0
ORD00644,CUST0386,2025-08-19,,COMPLETED,2215.0
ORD00645,CUST0191,2025-12-20,,COMPLETED,2345.0
ORD00646,CUST0348,2026-06-30,,CANCELLED,5672.0
ORD00647,CUST0042,2026-02-05,,CANCELLED,4204.0
ORD00648,CUST0255,2025-06-04,,CANCELLED,2596.0
ORD00649,CUST0497,2026-07-09,,CANCELLED,3233.0
ORD00650,CUST0012,2025-08-26,,COMPLETED,5508.0
ORD00651,CUST0341,2026-06-27,,COMPLETED,5200.0
ORD00652,CUST0248,2026-01-16,,PENDING,1587.0
ORD00653,CUST0146,2026-04-12,,PENDING,2475.0
ORD00654,CUST0499,2025-06-29,,COMPLETED,1128.0
ORD00655,CUST0163,2026-08-12,,COMPLETED,4571.0
ORD00656,CUST0177,2025-06-01,,COMPLETED,1138.0
ORD00657,CUST0208,2026-05-27,,COMPLETED,12824.0
ORD00658,CUST0243,2025-10-24,,PENDING,5433.0
ORD00659,CUST0353,2025-04-26,,COMPLETED,2645.0
ORD00660,CUST0060,2025-11-12,,COMPLETED,1816.0
ORD00661,CUST0029,2026-09-15,,COMPLETED,5995.0
ORD00662,CUST0012,2025-03-27,,COMPLETED,7857.0
ORD00663,CUST0309,2026-09-12,,COMPLETED,4497.0
ORD00664,CUST0204,2025-06-01,,COMPLETED,8688.0
ORD00665,CUST0229,2026-07-29,,COMPLETED,8267.0
ORD00666,CUST0072,2026-08-25,,COMPLETED,5641.0
ORD00667,CUST0172,2025-03-09,,CANCELLED,6036.0
ORD00668,CUST0237,2026-08-05,,COMPLETED,3983.0
ORD00669,CUST0284,2026-05-18,,COMPLETED,7787.0
ORD00670,CUST0115,2025-01-28,,COMPLETED,4095.0
ORD00671,CUST0335,2025-10-22,,COMPLETED,5291.0
ORD00672,CUST0497,2025-03-10,,COMPLETED,9319.0
ORD00673,CUST0499,2025-05-03,,COMPLETED,2097.0
ORD00674,CUST0084,2026-08-19,,COMPLETED,2934.0
ORD00675,CUST0140,2026-01-05,,COMPLETED,6639.0
ORD00676,CUST0100,2025-07-07,,COMPLETED,2814.0
ORD00677,CUST0139,2026-01-07,,COMPLETED,5540.0
ORD00678,CUST0191,2026-05-12,,COMPLETED,4093.0
ORD00679,CUST0114,2025-07-12,,COMPLETED,1796.0
ORD00680,CUST0470,2025-03-20,,COMPLETED,7493.0
ORD00681,CUST0160,2026-01-07,,COMPLETED,5373.0
ORD00682,CUST0114,2025-05-12,,CANCELLED,2695.0
ORD00683,CUST0108,2025-05-14,,PENDING,6490.0
ORD00684,CUST0022,2025-07-21,,COMPLETED,469.0
ORD00685,CUST0466,2025-09-17,,COMPLETED,5793.0
ORD00686,CUST0106,2026-08-25,,CANCELLED,748.0
ORD00687,CUST0075,2025-10-12,,CANCELLED,5748.0
ORD00688,CUST0292,2025-03-11,,COMPLETED,978.0
ORD00689,CUST0367,2025-07-16,,PENDING,8494.0
ORD00690,CUST0499,2025-04-12,,CANCELLED,4840.0
ORD00691,CUST0195,2026-03-11,,COMPLETED,1896.0
ORD00692,CUST0239,2025-04-23,,COMPLETED,7890.0
ORD00693,CUST0253,2025-04-29,,COMPLETED,7355.0
ORD00694,CUST0149,2026-03-15,,COMPLETED,5996.0
ORD00695,CUST0481,2026-01-12,,COMPLETED,3431.0
ORD00696,CUST0203,2026-02-15,,COMPLETED,998.0
ORD00697,CUST0034,2026-01-08,,PENDING,3353.0
ORD00698,CUST0372,2026-05-27,,COMPLETED,11289.0
ORD00699,CUST0342,2026-09-10,,PENDING,4601.0
ORD00700,CUST0255,2025-08-25,,COMPLETED,1048.0
ORD00701,CUST0256,2025-01-28,,PENDING,5706.0
ORD00702,CUST0390,2025-03-20,,COMPLETED,10814.0
ORD00703,CUST0278,2025-12-18,,COMPLETED,999.0
ORD00704,CUST0221,2025-05-02,,COMPLETED,3714.0
ORD00705,CUST0091,2026-07-25,,COMPLETED,9050.0
ORD00706,CUST0160,2026-02-03,,COMPLETED,1916.0
ORD00707,CUST0338,2026-07-22,,COMPLETED,6808.0
ORD00708,CUST0303,2026-01-22,,COMPLETED,3893.0
ORD00709,CUST0024,2025-05-12,,COMPLETED,4412.0
ORD00710,CUST0050,2026-03-15,,COMPLETED,2794.0
ORD00711,CUST0332,2025-11-16,,COMPLETED,2097.0
ORD00712,CUST0059,2025-12-12,,COMPLETED,5836.0
ORD00713,CUST0462,2026-03-08,,COMPLETED,7983.0
ORD00714,CUST0051,2026-05-16,,COMPLETED,3652.0
ORD00715,CUST0086,2026-09-22,,COMPLETED,6477.0
ORD00716,CUST0025,2025-11-01,,PENDING,6968.0
ORD00717,CUST0173,2025-10-07,,COMPLETED,7885.0
ORD00718,CUST0340,2026-07-07,,COMPLETED,6488.0
ORD00719,CUST0322,2026-06-13,,CANCELLED,7663.0
ORD00720,CUST0479,2026-08-03,,COMPLETED,978.0
ORD00721,CUST0187,2026-04-19,,COMPLETED,2693.0
ORD00722,CUST0211,2025-11-23,,CANCELLED,598.0
ORD00723,CUST0434,2026-02-27,,COMPLETED,5149.0
ORD00724,CUST0123,2025-04-27,,COMPLETED,1797.0
ORD00725,CUST0238,2026-05-13,,COMPLETED,3392.0
ORD00726,CUST0133,2025-10-12,,COMPLETED,3095.0
ORD00727,CUST0401,2025-01-21,,COMPLETED,2245.0
ORD00728,CUST0153,2025-03-07,,CANCELLED,5891.0
ORD00729,CUST0058,2026-08-08,,COMPLETED,2445.0
ORD00730,CUST0487,2026-06-22,,COMPLETED,2995.0
ORD00731,CUST0063,2025-11-17,,COMPLETED,6991.0
ORD00732,CUST0090,2025-08-08,,PENDING,6977.0
ORD00733,CUST0163,2026-07-13,,COMPLETED,4295.0
ORD00734,CUST0244,2026-01-12,,COMPLETED,1495.0
ORD00735,CUST0018,2025-02-25,,COMPLETED,4063.0
ORD00736,CUST0328,2026-01-07,,CANCELLED,978.0
ORD00737,CUST0440,2026-03-30,,COMPLETED,7441.0
ORD00738,CUST0469,2026-03-26,,COMPLETED,10235.0
ORD00739,CUST0368,2026-03-09,,CANCELLED,1398.0
ORD00740,CUST0358,2025-09-25,,COMPLETED,5678.0
ORD00741,CUST0356,2025-01-29,,COMPLETED,1067.0
ORD00742,CUST0206,2025-07-24,,COMPLETED,5551.0
ORD00743,CUST0366,2025-05-14,,COMPLETED,11778.0
ORD00744,CUST0424,2025-12-02,,COMPLETED,2545.0
ORD00745,CUST0202,2026-01-22,,CANCELLED,9990.0
ORD00746,CUST0321,2025-08-23,,CANCELLED,7806.0
ORD00747,CUST0308,2025-09-24,,COMPLETED,5120.0
ORD00748,CUST0396,2026-04-10,,COMPLETED,7188.0
ORD00749,CUST0196,2025-05-14,,COMPLETED,2635.0
ORD00750,CUST0215,2025-07-04,,COMPLETED,2795.0
ORD00751,CUST0317,2026-04-07,,CANCELLED,2914.0
ORD00752,CUST0241,2025-05-17,,CANCELLED,6137.0
ORD00753,CUST0049,2026-07-25,,COMPLETED,9837.0
ORD00754,CUST0364,2025-02-16,,COMPLETED,6087.0
ORD00755,CUST0092,2025-09-24,,COMPLETED,7307.0
ORD00756,CUST0073,2025-09-24,,COMPLETED,2116.0
ORD00757,CUST0447,2025-10-15,,COMPLETED,11056.0
ORD00758,CUST0162,2026-05-19,,COMPLETED,2655.0
ORD00759,CUST0097,2025-06-02,,COMPLETED,2435.0
ORD00760,CUST0362,2026-04-24,,COMPLETED,8163.0
ORD00761,CUST0058,2025-06-01,,COMPLETED,1797.0
ORD00762,CUST0093,2025-06-22,,COMPLETED,3952.0
ORD00763,CUST0270,2026-08-08,,COMPLETED,2396.0
ORD00764,CUST0347,2025-04-07,,CANCELLED,649.0
ORD00765,CUST0202,2026-01-18,,COMPLETED,2097.0
ORD00766,CUST0079,2025-01-30,,COMPLETED,4410.0
ORD00767,CUST0487,2026-04-09,,COMPLETED,2696.0
ORD00768,CUST0166,2025-02-26,,COMPLETED,4072.0
ORD00769,CUST0437,2025-08-02,,COMPLETED,7390.0
ORD00770,CUST0411,2026-03-19,,COMPLETED,4374.0
ORD00771,CUST0427,2026-01-12,,COMPLETED,11235.0
ORD00772,CUST0388,2026-03-09,,COMPLETED,2095.0
ORD00773,CUST0021,2026-06-10,,COMPLETED,15484.0
ORD00774,CUST0043,2025-10-25,,COMPLETED,5996.0
ORD00775,CUST0154,2025-06-02,,PENDING,7038.0
ORD00776,CUST0025,2026-07-19,,COMPLETED,489.0
ORD00777,CUST0262,2026-03-12,,COMPLETED,5438.0
ORD00778,CUST0394,2026-05-31,,COMPLETED,8871.0
ORD00779,CUST0161,2026-08-25,,COMPLETED,4703.0
ORD00780,CUST0383,2026-09-11,,COMPLETED,2245.0
ORD00781,CUST0010,2025-01-06,,COMPLETED,2116.0
ORD00782,CUST0236,2026-02-19,,CANCELLED,5630.0
ORD00783,CUST0070,2025-01-15,,COMPLETED,998.0
ORD00784,CUST0440,2025-01-28,,COMPLETED,4191.0
ORD00785,CUST0098,2025-03-30,,COMPLETED,4361.0
ORD00786,CUST0494,2026-05-12,,COMPLETED,7437.0
ORD00787,CUST0005,2025-04-16,,COMPLETED,9582.0
ORD00788,CUST0019,2026-05-15,,COMPLETED,6557.0
ORD00789,CUST0284,2025-03-07,,COMPLETED,13894.0
ORD00790,CUST0011,2025-06-15,,COMPLETED,2774.0
ORD00791,CUST0260,2025-08-13,,COMPLETED,8451.0
ORD00792,CUST0371,2026-02-04,,PENDING,7341.0
ORD00793,CUST0145,2025-03-30,,COMPLETED,4053.0
ORD00794,CUST0252,2025-04-14,,COMPLETED,4812.0
ORD00795,CUST0183,2025-06-12,,COMPLETED,999.0
ORD00796,CUST0173,2026-03-17,,COMPLETED,3054.0
ORD00797,CUST0133,2025-12-15,,COMPLETED,4995.0
ORD00798,CUST0137,2025-06-04,,CANCELLED,499.0
ORD00799,CUST0475,2026-03-25,,COMPLETED,2745.0
ORD00800,CUST0313,2025-04-15,,COMPLETED,489.0
ORD00801,CUST0086,2025-05-01,,CANCELLED,7207.0
ORD00802,CUST0376,2025-04-12,,COMPLETED,3963.0
ORD00803,CUST0497,2026-03-02,,COMPLETED,2396.0
ORD00804,CUST0175,2025-10-21,,COMPLETED,1947.0
ORD00805,CUST0367,2026-03-01,,COMPLETED,6641.0
ORD00806,CUST0404,2025-08-22,,COMPLETED,5700.0
ORD00807,CUST0395,2025-01-11,,COMPLETED,1647.0
ORD00808,CUST0162,2026-02-16,,PENDING,2295.0
ORD00809,CUST0339,2025-06-04,,CANCELLED,1495.0
ORD00810,CUST0499,2025-10-30,,COMPLETED,4343.0
ORD00811,CUST0461,2026-06-25,,COMPLETED,2894.0
ORD00812,CUST0455,2026-07-12,,COMPLETED,6190.0
ORD00813,CUST0019,2026-07-05,,COMPLETED,4465.0
ORD00814,CUST0048,2026-06-08,,COMPLETED,3943.0
ORD00815,CUST0304,2025-09-22,,COMPLETED,2415.0
ORD00816,CUST0133,2026-06-04,,COMPLETED,999.0
ORD00817,CUST0230,2025-11-02,,COMPLETED,1407.0
ORD00818,CUST0121,2026-08-19,,COMPLETED,4592.0
ORD00819,CUST0345,2025-05-24,,COMPLETED,4990.0
ORD00820,CUST0099,2026-01-05,,COMPLETED,2445.0
ORD00821,CUST0048,2025-03-05,,COMPLETED,2475.0
ORD00822,CUST0190,2026-06-23,,COMPLETED,9184.0
ORD00823,CUST0422,2025-06-16,,COMPLETED,2874.0
ORD00824,CUST0496,2026-06-10,,CANCELLED,998.0
ORD00825,CUST0234,2026-04-30,,COMPLETED,2734.0
ORD00826,CUST0437,2026-02-23,,COMPLETED,4192.0
ORD00827,CUST0191,2025-11-09,,PENDING,4731.0
ORD00828,CUST0216,2025-02-19,,CANCELLED,6193.0
ORD00829,CUST0063,2026-07-15,,COMPLETED,1796.0
ORD00830,CUST0294,2025-11-14,,COMPLETED,6831.0
ORD00831,CUST0259,2026-04-17,,COMPLETED,8315.0
ORD00832,CUST0199,2025-08-27,,CANCELLED,3752.0
ORD00833,CUST0444,2025-06-19,,COMPLETED,3842.0
ORD00834,CUST0490,2026-09-26,,COMPLETED,2395.0
ORD00835,CUST0097,2026-05-03,,COMPLETED,2745.0
ORD00836,CUST0093,2025-01-20,,COMPLETED,5791.0
ORD00837,CUST0044,2026-07-01,,COMPLETED,7167.0
ORD00838,CUST0013,2026-06-25,,COMPLETED,7840.0
ORD00839,CUST0074,2025-07-07,,COMPLETED,1587.0
ORD00840,CUST0488,2026-02-22,,COMPLETED,1437.0
ORD00841,CUST0093,2025-01-28,,COMPLETED,4441.0
ORD00842,CUST0133,2026-01-20,,CANCELLED,998.0
ORD00843,CUST0123,2026-09-04,,COMPLETED,6332.0
ORD00844,CUST0238,2026-07-21,,COMPLETED,6336.0
ORD00845,CUST0346,2025-04-14,,COMPLETED,4512.0
ORD00846,CUST0043,2026-05-28,,COMPLETED,1876.0
ORD00847,CUST0276,2026-03-10,,PENDING,5443.0
ORD00848,CUST0478,2026-05-09,,COMPLETED,4940.0
ORD00849,CUST0431,2026-06-07,,COMPLETED,2984.0
ORD00850,CUST0154,2025-04-02,,COMPLETED,1398.0
ORD00851,CUST0372,2026-07-24,,PENDING,6537.0
ORD00852,CUST0126,2025-11-26,,COMPLETED,5898.0
ORD00853,CUST0003,2025-01-10,,COMPLETED,5619.0
ORD00854,CUST0276,2025-02-01,,CANCELLED,5836.0
ORD00855,CUST0430,2025-01-09,,COMPLETED,3166.0
ORD00856,CUST0389,2025-10-15,,COMPLETED,3853.0
ORD00857,CUST0253,2026-01-07,,COMPLETED,6811.0
ORD00858,CUST0057,2025-10-12,,COMPLETED,8683.0
ORD00859,CUST0034,2026-08-26,,COMPLETED,1587.0
ORD00860,CUST0478,2026-08-07,,CANCELLED,5589.0
ORD00861,CUST0130,2026-07-28,,CANCELLED,449.0
ORD00862,CUST0438,2025-11-27,,COMPLETED,8134.0
ORD00863,CUST0389,2025-02-14,,CANCELLED,5241.0
ORD00864,CUST0230,2025-11-20,,COMPLETED,2794.0
ORD00865,CUST0378,2025-08-20,,PENDING,4672.0
ORD00866,CUST0015,2026-05-07,,COMPLETED,1437.0
ORD00867,CUST0431,2025-09-14,,COMPLETED,7887.0
ORD00868,CUST0318,2026-03-26,,COMPLETED,5271.0
ORD00869,CUST0401,2025-05-11,,COMPLETED,3423.0
ORD00870,CUST0287,2025-02-23,,COMPLETED,7537.0
ORD00871,CUST0233,2026-01-29,,COMPLETED,10517.0
ORD00872,CUST0169,2026-08-25,,COMPLETED,2495.0
ORD00873,CUST0366,2025-03-11,,COMPLETED,5393.0
ORD00874,CUST0132,2025-12-30,,COMPLETED,8719.0
ORD00875,CUST0224,2026-06-10,,PENDING,4212.0
ORD00876,CUST0159,2026-09-10,,COMPLETED,2445.0
ORD00877,CUST0260,2026-07-27,,CANCELLED,4192.0
ORD00878,CUST0342,2026-05-03,,COMPLETED,10634.0
ORD00879,CUST0215,2025-12-03,,COMPLETED,5933.0
ORD00880,CUST0239,2025-08-07,,COMPLETED,4892.0
ORD00881,CUST0423,2025-01-07,,COMPLETED,449.0
ORD00882,CUST0285,2025-04-28,,COMPLETED,2754.0
ORD00883,CUST0146,2025-06-28,,COMPLETED,4451.0
ORD00884,CUST0101,2025-01-23,,COMPLETED,5693.0
ORD00885,CUST0174,2025-08-04,,COMPLETED,3345.0
ORD00886,CUST0482,2026-06-24,,PENDING,7092.0
ORD00887,CUST0273,2026-01-23,,COMPLETED,2902.0
ORD00888,CUST0301,2025-07-13,,CANCELLED,3874.0
ORD00889,CUST0447,2025-05-10,,CANCELLED,6937.0
ORD00890,CUST0199,2026-06-06,,COMPLETED,9233.0
ORD00891,CUST0138,2026-08-19,,COMPLETED,1198.0
ORD00892,CUST0459,2025-07-27,,COMPLETED,3743.0
ORD00893,CUST0456,2026-01-22,,COMPLETED,3434.0
ORD00894,CUST0228,2026-06-16,,COMPLETED,2345.0
ORD00895,CUST0319,2025-12-11,,COMPLETED,8109.0
ORD00896,CUST0092,2026-03-29,,COMPLETED,449.0
ORD00897,CUST0151,2026-05-29,,COMPLETED,2997.0
ORD00898,CUST0475,2025-08-22,,COMPLETED,449.0
ORD00899,CUST0280,2025-07-25,,COMPLETED,7440.0
ORD00900,CUST0071,2026-07-11,,CANCELLED,2997.0
ORD00901,CUST0145,2025-12-21,,COMPLETED,6238.0
ORD00902,CUST0444,2026-02-12,,COMPLETED,5340.0
ORD00903,CUST0403,2026-07-20,,COMPLETED,10088.0
ORD00904,CUST0225,2026-04-06,,CANCELLED,898.0
ORD00905,CUST0296,2025-05-12,,COMPLETED,1407.0
ORD00906,CUST0174,2025-08-19,,COMPLETED,10478.0
ORD00907,CUST0291,2025-02-02,,CANCELLED,4640.0
ORD00908,CUST0294,2026-02-05,,PENDING,4441.0
ORD00909,CUST0097,2026-05-02,,COMPLETED,5171.0
ORD00910,CUST0424,2026-09-10,,COMPLETED,4043.0
ORD00911,CUST0106,2025-08-27,,COMPLETED,469.0
ORD00912,CUST0189,2026-06-15,,COMPLETED,4845.0
ORD00913,CUST0275,2026-03-05,,COMPLETED,898.0
ORD00914,CUST0067,2025-07-30,,COMPLETED,9694.0
ORD00915,CUST0142,2025-07-26,,COMPLETED,4621.0
ORD00916,CUST0414,2025-09-10,,COMPLETED,8379.0
ORD00917,CUST0359,2025-11-01,,COMPLETED,3893.0
ORD00918,CUST0376,2026-03-19,,COMPLETED,2415.0
ORD00919,CUST0358,2025-02-14,,COMPLETED,4142.0
ORD00920,CUST0342,2025-03-10,,COMPLETED,8341.0
ORD00921,CUST0063,2026-01-13,,COMPLETED,1467.0
ORD00922,CUST0210,2026-04-07,,COMPLETED,2455.0
ORD00923,CUST0038,2026-04-18,,COMPLETED,3943.0
ORD00924,CUST0168,2026-04-21,,COMPLETED,2745.0
ORD00925,CUST0337,2025-09-06,,COMPLETED,6271.0
ORD00926,CUST0091,2025-10-29,,COMPLETED,5378.0
ORD00927,CUST0092,2025-08-10,,COMPLETED,2964.0
ORD00928,CUST0329,2025-04-16,,COMPLETED,2884.0
ORD00929,CUST0393,2025-07-26,,CANCELLED,4894.0
ORD00930,CUST0015,2025-01-15,,COMPLETED,3297.0
ORD00931,CUST0491,2025-04-09,,COMPLETED,2615.0
ORD00932,CUST0263,2025-04-21,,COMPLETED,6038.0
ORD00933,CUST0203,2026-03-15,,COMPLETED,2545.0
ORD00934,CUST0008,2026-02-16,,COMPLETED,898.0
ORD00935,CUST0235,2025-08-14,,COMPLETED,1676.0
ORD00936,CUST0211,2025-11-05,,COMPLETED,5479.0
ORD00937,CUST0167,2026-02-02,,COMPLETED,3463.0
ORD00938,CUST0035,2025-12-10,,COMPLETED,5337.0
ORD00939,CUST0120,2025-01-22,,COMPLETED,1298.0
ORD00940,CUST0378,2026-03-15,,COMPLETED,998.0
ORD00941,CUST0192,2026-05-26,,COMPLETED,1647.0
ORD00942,CUST0473,2026-09-05,,PENDING,7187.0
ORD00943,CUST0332,2025-10-23,,COMPLETED,3594.0
ORD00944,CUST0125,2025-07-30,,COMPLETED,3493.0
ORD00945,CUST0447,2026-01-26,,COMPLETED,768.0
ORD00946,CUST0446,2026-05-19,,COMPLETED,1596.0
ORD00947,CUST0065,2025-04-04,,COMPLETED,2555.0
ORD00948,CUST0372,2026-04-24,,COMPLETED,3443.0
ORD00949,CUST0128,2025-11-07,,COMPLETED,6568.0
ORD00950,CUST0086,2026-04-28,,COMPLETED,9580.0
ORD00951,CUST0389,2025-11-04,,COMPLETED,2475.0
ORD00952,CUST0195,2026-04-20,,COMPLETED,3722.0
ORD00953,CUST0070,2026-04-26,,COMPLETED,6992.0
ORD00954,CUST0252,2026-02-19,,CANCELLED,6067.0
ORD00955,CUST0454,2025-02-09,,PENDING,2245.0
ORD00956,CUST0084,2025-07-18,,COMPLETED,12488.0
ORD00957,CUST0326,2026-01-13,,COMPLETED,7090.0
ORD00958,CUST0324,2025-01-29,,COMPLETED,3554.0
ORD00959,CUST0131,2025-09-11,,COMPLETED,2695.0
ORD00960,CUST0204,2026-08-24,,PENDING,978.0
ORD00961,CUST0449,2026-03-10,,COMPLETED,14203.0
ORD00962,CUST0376,2026-02-26,,COMPLETED,2745.0
ORD00963,CUST0398,2025-12-19,,COMPLETED,5292.0
ORD00964,CUST0087,2026-05-19,,COMPLETED,3996.0
ORD00965,CUST0269,2026-03-03,,COMPLETED,7250.0
ORD00966,CUST0258,2025-04-23,,COMPLETED,1727.0
ORD00967,CUST0415,2025-07-16,,COMPLETED,3223.0
ORD00968,CUST0194,2025-05-08,,COMPLETED,4511.0
ORD00969,CUST0005,2025-03-04,,COMPLETED,1495.0
ORD00970,CUST0405,2025-02-12,,COMPLETED,2245.0
ORD00971,CUST0267,2025-09-30,,CANCELLED,7128.0
ORD00972,CUST0419,2025-09-03,,CANCELLED,4121.0
ORD00973,CUST0446,2026-02-16,,COMPLETED,2894.0
ORD00974,CUST0144,2025-09-12,,COMPLETED,3932.0
ORD00975,CUST0448,2025-02-16,,PENDING,5767.0
ORD00976,CUST0379,2026-09-20,,COMPLETED,3222.0
ORD00977,CUST0311,2025-07-19,,COMPLETED,2116.0
ORD00978,CUST0408,2025-03-31,,COMPLETED,6079.0
ORD00979,CUST0088,2025-04-02,,COMPLETED,1587.0
ORD00980,CUST0463,2026-01-28,,COMPLETED,2645.0
ORD00981,CUST0341,2025-05-20,,CANCELLED,9037.0
ORD00982,CUST0330,2025-12-18,,COMPLETED,7659.0
ORD00983,CUST0060,2025-10-25,,COMPLETED,2245.0
ORD00984,CUST0480,2025-07-12,,COMPLETED,1437.0
ORD00985,CUST0066,2025-11-17,,PENDING,649.0
ORD00986,CUST0303,2026-07-03,,COMPLETED,11633.0
ORD00987,CUST0114,2025-04-20,,COMPLETED,8205.0
ORD00988,CUST0146,2025-05-30,,COMPLETED,1437.0
ORD00989,CUST0159,2026-05-30,,PENDING,3245.0
ORD00990,CUST0245,2025-08-09,,COMPLETED,4503.0
ORD00991,CUST0439,2026-05-15,,COMPLETED,4310.0
ORD00992,CUST0173,2026-03-09,,COMPLETED,5341.0
ORD00993,CUST0145,2025-07-19,,COMPLETED,4890.0
ORD00994,CUST0296,2025-05-21,,COMPLETED,8619.0
ORD00995,CUST0053,2025-06-01,,COMPLETED,5510.0
ORD00996,CUST0484,2025-02-23,,COMPLETED,3343.0
ORD00997,CUST0061,2025-09-04,,COMPLETED,4591.0
ORD00998,CUST0443,2026-01-27,,COMPLETED,8139.0
ORD00999,CUST0116,2025-01-24,,COMPLETED,9235.0
ORD01000,CUST0331,2026-03-21,,COMPLETED,2794.0
ORD01001,CUST0095,2026-02-20,,COMPLETED,2245.0
ORD01002,CUST0419,2026-07-04,,COMPLETED,3404.0
ORD01003,CUST0442,2026-09-06,,COMPLETED,1956.0
ORD01004,CUST0410,2025-11-18,,COMPLETED,1557.0
ORD01005,CUST0288,2025-09-20,,CANCELLED,549.0
ORD01006,CUST0260,2025-11-02,,COMPLETED,1047.0
ORD01007,CUST0154,2025-02-17,,CANCELLED,4919.0
ORD01008,CUST0356,2025-11-17,,COMPLETED,2146.0
ORD01009,CUST0122,2025-02-07,,COMPLETED,11888.0
ORD01010,CUST0111,2026-08-29,,COMPLETED,2475.0
ORD01011,CUST0282,2025-09-19,,COMPLETED,1856.0
ORD01012,CUST0347,2026-03-12,,CANCELLED,2286.0
ORD01013,CUST0325,2025-07-17,,COMPLETED,2995.0
ORD01014,CUST0404,2026-03-21,,COMPLETED,3794.0
ORD01015,CUST0057,2026-07-16,,COMPLETED,3442.0
ORD01016,CUST0445,2025-08-20,,COMPLETED,898.0
ORD01017,CUST0194,2025-04-18,,COMPLETED,2645.0
ORD01018,CUST0373,2025-11-10,,COMPLETED,7954.0
ORD01019,CUST0312,2025-04-12,,CANCELLED,3794.0
ORD01020,CUST0177,2026-06-29,,COMPLETED,5220.0
ORD01021,CUST0074,2026-01-23,,COMPLETED,3990.0
ORD01022,CUST0215,2026-04-14,,COMPLETED,6360.0
ORD01023,CUST0267,2025-08-23,,COMPLETED,2596.0
ORD01024,CUST0395,2025-11-17,,COMPLETED,1098.0
ORD01025,CUST0484,2025-04-06,,COMPLETED,1647.0
ORD01026,CUST0284,2026-05-20,,COMPLETED,2245.0
ORD01027,CUST0478,2025-05-20,,COMPLETED,449.0
ORD01028,CUST0316,2025-07-14,,CANCELLED,1996.0
ORD01029,CUST0360,2026-07-02,,COMPLETED,3990.0
ORD01030,CUST0022,2026-09-14,,COMPLETED,3493.0
ORD01031,CUST0090,2025-03-18,,COMPLETED,2285.0
ORD01032,CUST0254,2026-01-24,,COMPLETED,898.0
ORD01033,CUST0426,2026-07-07,,CANCELLED,1947.0
ORD01034,CUST0248,2025-10-28,,COMPLETED,2495.0
ORD01035,CUST0202,2025-08-11,,CANCELLED,5996.0
ORD01036,CUST0457,2026-09-25,,COMPLETED,449.0
ORD01037,CUST0316,2026-04-17,,COMPLETED,4441.0
ORD01038,CUST0005,2025-04-14,,COMPLETED,3723.0
ORD01039,CUST0211,2025-05-07,,CANCELLED,1587.0
ORD01040,CUST0116,2026-04-27,,COMPLETED,4121.0
ORD01041,CUST0225,2026-03-26,,COMPLETED,2894.0
ORD01042,CUST0098,2025-10-19,,COMPLETED,5189.0
ORD01043,CUST0061,2026-03-08,,COMPLETED,8804.0
ORD01044,CUST0068,2025-04-23,,PENDING,1058.0
ORD01045,CUST0177,2026-05-28,,COMPLETED,2693.0
ORD01046,CUST0500,2026-09-04,,COMPLETED,11958.0
ORD01047,CUST0079,2026-06-08,,COMPLETED,5492.0
ORD01048,CUST0243,2025-04-16,,COMPLETED,4393.0
ORD01049,CUST0118,2025-05-04,,COMPLETED,1298.0
ORD01050,CUST0476,2025-05-30,,COMPLETED,3345.0
ORD01051,CUST0209,2026-06-22,,COMPLETED,4192.0
ORD01052,CUST0032,2026-06-07,,COMPLETED,649.0
ORD01053,CUST0138,2026-01-08,,COMPLETED,3144.0
ORD01054,CUST0021,2025-01-01,,COMPLETED,5511.0
ORD01055,CUST0221,2025-07-09,,COMPLETED,6291.0
ORD01056,CUST0170,2026-01-05,,COMPLETED,8927.0
ORD01057,CUST0122,2025-10-10,,COMPLETED,6268.0
ORD01058,CUST0496,2025-07-15,,COMPLETED,13195.0
ORD01059,CUST0390,2025-07-26,,COMPLETED,3114.0
ORD01060,CUST0282,2025-09-16,,CANCELLED,3764.0
ORD01061,CUST0248,2026-03-06,,COMPLETED,2645.0
ORD01062,CUST0141,2025-05-13,,COMPLETED,1998.0
ORD01063,CUST0380,2026-02-12,,COMPLETED,2116.0
ORD01064,CUST0385,2026-06-06,,COMPLETED,5670.0
ORD01065,CUST0112,2026-08-30,,COMPLETED,8859.0
ORD01066,CUST0363,2025-10-02,,COMPLETED,3993.0
ORD01067,CUST0150,2025-02-10,,COMPLETED,3855.0
ORD01068,CUST0274,2025-04-29,,COMPLETED,3621.0
ORD01069,CUST0136,2025-05-17,,COMPLETED,2544.0
ORD01070,CUST0375,2025-10-14,,COMPLETED,2445.0
ORD01071,CUST0055,2026-01-27,,CANCELLED,7988.0
ORD01072,CUST0419,2026-03-29,,COMPLETED,4550.0
ORD01073,CUST0119,2026-03-21,,COMPLETED,6589.0
ORD01074,CUST0252,2025-07-04,,COMPLETED,1298.0
ORD01075,CUST0454,2025-07-01,,COMPLETED,2665.0
ORD01076,CUST0126,2026-04-11,,CANCELLED,5649.0
ORD01077,CUST0197,2025-01-22,,COMPLETED,999.0
ORD01078,CUST0068,2025-09-12,,COMPLETED,1307.0
ORD01079,CUST0278,2025-12-13,,CANCELLED,1198.0
ORD01080,CUST0246,2026-07-31,,CANCELLED,3494.0
ORD01081,CUST0125,2025-02-27,,COMPLETED,1337.0
ORD01082,CUST0279,2025-10-31,,COMPLETED,6848.0
ORD01083,CUST0181,2025-10-21,,COMPLETED,2664.0
ORD01084,CUST0490,2025-10-16,,COMPLETED,5792.0
ORD01085,CUST0092,2026-03-15,,COMPLETED,1945.0
ORD01086,CUST0320,2025-10-21,,COMPLETED,2596.0
ORD01087,CUST0339,2026-01-13,,CANCELLED,999.0
ORD01088,CUST0442,2025-06-02,,COMPLETED,3912.0
ORD01089,CUST0370,2026-05-05,,COMPLETED,1916.0
ORD01090,CUST0492,2025-10-13,,COMPLETED,9610.0
ORD01091,CUST0254,2026-03-11,,COMPLETED,5948.0
ORD01092,CUST0282,2026-05-25,,COMPLETED,12625.0
ORD01093,CUST0296,2025-08-13,,COMPLETED,1397.0
ORD01094,CUST0186,2026-07-26,,COMPLETED,3146.0
ORD01095,CUST0185,2025-05-23,,COMPLETED,9491.0
ORD01096,CUST0125,2025-08-04,,COMPLETED,998.0
ORD01097,CUST0061,2025-05-27,,COMPLETED,1996.0
ORD01098,CUST0191,2025-02-25,,COMPLETED,2345.0
ORD01099,CUST0446,2025-06-11,,COMPLETED,4073.0
ORD01100,CUST0426,2026-03-03,,COMPLETED,3433.0
ORD01101,CUST0358,2025-11-03,,COMPLETED,3765.0
ORD01102,CUST0080,2025-03-03,,CANCELLED,958.0
ORD01103,CUST0258,2025-06-14,,COMPLETED,7184.0
ORD01104,CUST0364,2025-08-21,,COMPLETED,5441.0
ORD01105,CUST0487,2025-05-09,,COMPLETED,6897.0
ORD01106,CUST0419,2026-04-25,,COMPLETED,6448.0
ORD01107,CUST0056,2025-04-17,,COMPLETED,4642.0
ORD01108,CUST0034,2025-08-05,,COMPLETED,6074.0
ORD01109,CUST0044,2026-08-07,,COMPLETED,5990.0
ORD01110,CUST0491,2026-02-12,,COMPLETED,4394.0
ORD01111,CUST0170,2026-02-22,,CANCELLED,978.0
ORD01112,CUST0013,2026-08-25,,COMPLETED,5001.0
ORD01113,CUST0454,2025-04-06,,PENDING,4196.0
ORD01114,CUST0494,2026-05-29,,COMPLETED,5991.0
ORD01115,CUST0320,2026-03-18,,COMPLETED,9988.0
ORD01116,CUST0050,2025-01-16,,COMPLETED,4284.0
ORD01117,CUST0233,2025-11-18,,COMPLETED,6239.0
ORD01118,CUST0046,2025-03-14,,COMPLETED,12058.0
ORD01119,CUST0021,2026-01-08,,CANCELLED,6626.0
ORD01120,CUST0433,2025-11-18,,COMPLETED,4081.0
ORD01121,CUST0359,2026-07-29,,COMPLETED,2596.0
ORD01122,CUST0082,2026-08-07,,COMPLETED,2396.0
ORD01123,CUST0448,2026-04-19,,COMPLETED,8640.0
ORD01124,CUST0044,2025-07-04,,COMPLETED,7340.0
ORD01125,CUST0310,2026-05-13,,COMPLETED,6917.0
ORD01126,CUST0328,2025-08-07,,COMPLETED,1916.0
ORD01127,CUST0032,2026-01-06,,COMPLETED,9788.0
ORD01128,CUST0043,2025-05-26,,COMPLETED,7846.0
ORD01129,CUST0095,2025-02-25,,COMPLETED,8607.0
ORD01130,CUST0244,2026-07-03,,COMPLETED,3742.0
ORD01131,CUST0200,2025-01-11,,COMPLETED,5240.0
ORD01132,CUST0075,2025-11-28,,COMPLETED,4521.0
ORD01133,CUST0059,2026-02-21,,COMPLETED,938.0
ORD01134,CUST0325,2026-04-06,,COMPLETED,998.0
ORD01135,CUST0382,2025-07-12,,COMPLETED,2305.0
ORD01136,CUST0108,2025-07-15,,PENDING,1347.0
ORD01137,CUST0009,2025-11-06,,CANCELLED,1996.0
ORD01138,CUST0333,2026-04-12,,COMPLETED,6758.0
ORD01139,CUST0059,2025-06-30,,COMPLETED,5419.0
ORD01140,CUST0196,2025-10-19,,COMPLETED,1926.0
ORD01141,CUST0333,2025-01-17,,COMPLETED,7605.0
ORD01142,CUST0298,2025-02-03,,COMPLETED,10928.0
ORD01143,CUST0439,2026-04-26,,PENDING,5812.0
ORD01144,CUST0401,2025-08-18,,COMPLETED,6991.0
ORD01145,CUST0003,2026-03-01,,COMPLETED,1587.0
ORD01146,CUST0431,2026-06-16,,COMPLETED,5249.0
ORD01147,CUST0499,2026-02-05,,COMPLETED,8748.0
ORD01148,CUST0207,2025-11-22,,COMPLETED,8155.0
ORD01149,CUST0432,2025-09-24,,COMPLETED,1048.0
ORD01150,CUST0014,2026-03-24,,COMPLETED,2974.0
ORD01151,CUST0293,2026-01-27,,COMPLETED,2005.0
ORD01152,CUST0123,2025-08-16,,COMPLETED,4993.0
ORD01153,CUST0338,2025-02-22,,COMPLETED,1994.0
ORD01154,CUST0057,2026-04-16,,CANCELLED,1098.0
ORD01155,CUST0145,2025-09-26,,CANCELLED,2196.0
ORD01156,CUST0433,2026-01-06,,CANCELLED,2345.0
ORD01157,CUST0212,2025-03-17,,COMPLETED,2396.0
ORD01158,CUST0193,2025-11-18,,COMPLETED,8797.0
ORD01159,CUST0438,2025-02-02,,COMPLETED,5069.0
ORD01160,CUST0082,2026-06-19,,COMPLETED,2995.0
ORD01161,CUST0016,2026-07-03,,COMPLETED,2496.0
ORD01162,CUST0461,2025-08-11,,COMPLETED,2845.0
ORD01163,CUST0141,2026-05-09,,COMPLETED,2245.0
ORD01164,CUST0334,2025-10-29,,COMPLETED,7120.0
ORD01165,CUST0493,2026-02-07,,COMPLETED,8508.0
ORD01166,CUST0217,2026-09-03,,COMPLETED,7110.0
ORD01167,CUST0291,2025-12-28,,COMPLETED,938.0
ORD01168,CUST0456,2025-02-04,,PENDING,6587.0
ORD01169,CUST0204,2025-01-31,,COMPLETED,3874.0
ORD01170,CUST0111,2026-01-16,,COMPLETED,2944.0
ORD01171,CUST0239,2026-08-05,,COMPLETED,3603.0
ORD01172,CUST0309,2025-08-06,,COMPLETED,1467.0
ORD01173,CUST0367,2026-09-15,,CANCELLED,1916.0
ORD01174,CUST0350,2026-03-22,,COMPLETED,8891.0
ORD01175,CUST0141,2026-03-08,,COMPLETED,6018.0
ORD01176,CUST0146,2025-01-19,,COMPLETED,5996.0
ORD01177,CUST0146,2025-05-15,,COMPLETED,8681.0
ORD01178,CUST0049,2026-03-02,,COMPLETED,10290.0
ORD01179,CUST0397,2025-11-17,,COMPLETED,1347.0
ORD01180,CUST0357,2026-04-11,,COMPLETED,2097.0
ORD01181,CUST0481,2026-09-25,,COMPLETED,1897.0
ORD01182,CUST0054,2025-11-27,,CANCELLED,6490.0
ORD01183,CUST0133,2025-02-14,,COMPLETED,6688.0
ORD01184,CUST0358,2025-06-24,,CANCELLED,7356.0
ORD01185,CUST0268,2026-06-25,,COMPLETED,4130.0
ORD01186,CUST0393,2025-10-31,,COMPLETED,2276.0
ORD01187,CUST0498,2026-05-22,,COMPLETED,598.0
ORD01188,CUST0240,2026-01-30,,COMPLETED,898.0
ORD01189,CUST0417,2026-08-28,,COMPLETED,7789.0
ORD01190,CUST0055,2025-05-14,,COMPLETED,5099.0
ORD01191,CUST0097,2025-03-12,,COMPLETED,2144.0
ORD01192,CUST0076,2026-04-18,,CANCELLED,599.0
ORD01193,CUST0458,2026-04-17,,COMPLETED,2345.0
ORD01194,CUST0232,2025-12-27,,COMPLETED,1796.0
ORD01195,CUST0109,2025-06-04,,COMPLETED,3782.0
ORD01196,CUST0333,2026-01-27,,COMPLETED,11185.0
ORD01197,CUST0312,2026-05-21,,COMPLETED,299.0
ORD01198,CUST0331,2025-09-12,,PENDING,3044.0
ORD01199,CUST0137,2025-09-02,,COMPLETED,1298.0
ORD01200,CUST0452,2026-09-28,,COMPLETED,9639.0
ORD01201,CUST0403,2025-07-28,,COMPLETED,2276.0
ORD01202,CUST0258,2026-09-30,,COMPLETED,3494.0
ORD01203,CUST0086,2025-07-11,,COMPLETED,4850.0
ORD01204,CUST0499,2025-09-28,,CANCELLED,5294.0
ORD01205,CUST0181,2026-05-01,,COMPLETED,5290.0
ORD01206,CUST0428,2025-08-22,,COMPLETED,1528.0
ORD01207,CUST0156,2025-12-10,,COMPLETED,4800.0
ORD01208,CUST0235,2025-01-14,,COMPLETED,4780.0
ORD01209,CUST0139,2026-06-16,,COMPLETED,2116.0
ORD01210,CUST0439,2025-08-14,,COMPLETED,1387.0
ORD01211,CUST0296,2026-03-18,,COMPLETED,2396.0
ORD01212,CUST0328,2025-04-21,,PENDING,11325.0
ORD01213,CUST0214,2025-10-10,,COMPLETED,2395.0
ORD01214,CUST0360,2025-12-18,,COMPLETED,1796.0
ORD01215,CUST0291,2025-12-22,,COMPLETED,938.0
ORD01216,CUST0239,2025-06-03,,COMPLETED,3621.0
ORD01217,CUST0148,2025-03-08,,COMPLETED,469.0
ORD01218,CUST0112,2025-10-17,,COMPLETED,1996.0
ORD01219,CUST0157,2025-01-06,,COMPLETED,1497.0
ORD01220,CUST0071,2025-12-25,,CANCELLED,2645.0
ORD01221,CUST0376,2025-07-21,,COMPLETED,1298.0
ORD01222,CUST0017,2026-04-30,,CANCELLED,5192.0
ORD01223,CUST0205,2025-04-11,,CANCELLED,6578.0
ORD01224,CUST0412,2026-08-16,,COMPLETED,5241.0
ORD01225,CUST0103,2025-11-05,,COMPLETED,4869.0
ORD01226,CUST0401,2026-03-24,,COMPLETED,5956.0
ORD01227,CUST0239,2026-03-07,,PENDING,10319.0
ORD01228,CUST0403,2025-09-06,,COMPLETED,4571.0
ORD01229,CUST0387,2026-02-07,,COMPLETED,2345.0
ORD01230,CUST0236,2025-02-25,,COMPLETED,4141.0
ORD01231,CUST0421,2025-10-25,,COMPLETED,6539.0
ORD01232,CUST0360,2025-07-29,,COMPLETED,4751.0
ORD01233,CUST0413,2026-05-12,,COMPLETED,3547.0
ORD01234,CUST0310,2025-05-04,,COMPLETED,2945.0
ORD01235,CUST0427,2026-06-02,,COMPLETED,1499.0
ORD01236,CUST0154,2026-02-19,,COMPLETED,5292.0
ORD01237,CUST0421,2026-09-20,,COMPLETED,898.0
ORD01238,CUST0326,2025-01-23,,COMPLETED,3623.0
ORD01239,CUST0244,2026-05-07,,COMPLETED,1916.0
ORD01240,CUST0189,2025-10-09,,COMPLETED,1876.0
ORD01241,CUST0417,2026-03-12,,COMPLETED,4820.0
ORD01242,CUST0156,2025-02-04,,COMPLETED,4810.0
ORD01243,CUST0184,2026-05-28,,CANCELLED,4241.0
ORD01244,CUST0263,2025-03-06,,COMPLETED,3142.0
ORD01245,CUST0236,2025-05-24,,COMPLETED,9988.0
ORD01246,CUST0311,2025-07-04,,COMPLETED,6487.0
ORD01247,CUST0300,2026-09-25,,COMPLETED,499.0
ORD01248,CUST0437,2025-06-12,,COMPLETED,1876.0
ORD01249,CUST0166,2025-08-26,,PENDING,4312.0
ORD01250,CUST0473,2025-03-07,,COMPLETED,4042.0
ORD01251,CUST0311,2025-01-31,,CANCELLED,5539.0
ORD01252,CUST0285,2025-07-24,,COMPLETED,7127.0
ORD01253,CUST0415,2025-07-16,,COMPLETED,299.0
ORD01254,CUST0105,2025-02-04,,COMPLETED,1796.0
ORD01255,CUST0291,2026-07-14,,CANCELLED,4839.0
ORD01256,CUST0427,2025-08-01,,COMPLETED,5958.0
ORD01257,CUST0219,2026-01-21,,CANCELLED,2645.0
ORD01258,CUST0153,2025-04-14,,COMPLETED,3932.0
ORD01259,CUST0012,2025-08-18,,COMPLETED,8742.0
ORD01260,CUST0447,2025-06-11,,PENDING,2445.0
ORD01261,CUST0124,2026-06-15,,CANCELLED,5219.0
ORD01262,CUST0242,2025-09-27,,COMPLETED,1796.0
ORD01263,CUST0134,2025-07-25,,COMPLETED,1058.0
ORD01264,CUST0281,2025-12-04,,CANCELLED,2396.0
ORD01265,CUST0038,2026-08-01,,CANCELLED,449.0
ORD01266,CUST0487,2026-03-03,,COMPLETED,7495.0
ORD01267,CUST0246,2025-05-13,,COMPLETED,549.0
ORD01268,CUST0255,2026-06-04,,COMPLETED,2016.0
ORD01269,CUST0014,2025-07-20,,COMPLETED,9986.0
ORD01270,CUST0393,2026-01-22,,COMPLETED,5429.0
ORD01271,CUST0463,2026-01-12,,COMPLETED,4392.0
ORD01272,CUST0006,2025-08-21,,COMPLETED,999.0
ORD01273,CUST0448,2025-09-13,,COMPLETED,998.0
ORD01274,CUST0225,2025-07-04,,COMPLETED,2933.0
ORD01275,CUST0311,2026-02-12,,COMPLETED,299.0
ORD01276,CUST0040,2025-09-14,,CANCELLED,2405.0
ORD01277,CUST0228,2025-11-06,,CANCELLED,6189.0
ORD01278,CUST0358,2026-07-09,,COMPLETED,1796.0
ORD01279,CUST0362,2026-09-29,,COMPLETED,1198.0
ORD01280,CUST0431,2026-06-18,,COMPLETED,1547.0
ORD01281,CUST0121,2026-03-27,,COMPLETED,8285.0
ORD01282,CUST0154,2025-03-28,,COMPLETED,5271.0
ORD01283,CUST0195,2025-07-08,,COMPLETED,897.0
ORD01284,CUST0017,2026-07-09,,COMPLETED,7495.0
ORD01285,CUST0387,2025-12-11,,CANCELLED,4934.0
ORD01286,CUST0372,2026-09-29,,COMPLETED,7787.0
ORD01287,CUST0440,2026-07-02,,COMPLETED,2425.0
ORD01288,CUST0144,2025-10-08,,COMPLETED,4464.0
ORD01289,CUST0293,2026-02-09,,COMPLETED,4891.0
ORD01290,CUST0064,2025-11-11,,COMPLETED,5921.0
ORD01291,CUST0226,2025-01-10,,COMPLETED,2623.0
ORD01292,CUST0297,2025-03-23,,COMPLETED,4641.0
ORD01293,CUST0445,2026-05-22,,COMPLETED,3344.0
ORD01294,CUST0120,2025-04-28,,COMPLETED,3641.0
ORD01295,CUST0163,2025-02-12,,COMPLETED,2994.0
ORD01296,CUST0009,2025-12-28,,COMPLETED,958.0
ORD01297,CUST0180,2025-04-22,,COMPLETED,11857.0
ORD01298,CUST0425,2026-03-02,,COMPLETED,10826.0
ORD01299,CUST0500,2026-02-22,,CANCELLED,3204.0
ORD01300,CUST0023,2025-10-25,,CANCELLED,2745.0
ORD01301,CUST0109,2025-11-17,,COMPLETED,3413.0
ORD01302,CUST0391,2025-03-22,,PENDING,4840.0
ORD01303,CUST0376,2026-03-05,,COMPLETED,3495.0
ORD01304,CUST0409,2025-02-22,,COMPLETED,5400.0
ORD01305,CUST0410,2026-01-06,,COMPLETED,9190.0
ORD01306,CUST0186,2025-03-23,,COMPLETED,4497.0
ORD01307,CUST0335,2026-05-11,,COMPLETED,7357.0
ORD01308,CUST0346,2026-08-22,,COMPLETED,4095.0
ORD01309,CUST0210,2026-03-08,,COMPLETED,1896.0
ORD01310,CUST0449,2026-04-10,,COMPLETED,1347.0
ORD01311,CUST0392,2026-07-22,,COMPLETED,4102.0
ORD01312,CUST0068,2026-06-12,,CANCELLED,10726.0
ORD01313,CUST0061,2025-12-11,,CANCELLED,2677.0
ORD01314,CUST0379,2025-12-30,,CANCELLED,4669.0
ORD01315,CUST0371,2026-08-27,,CANCELLED,529.0
ORD01316,CUST0304,2026-08-31,,COMPLETED,6426.0
ORD01317,CUST0119,2025-11-01,,COMPLETED,2395.0
ORD01318,CUST0460,2026-06-22,,COMPLETED,4043.0
ORD01319,CUST0221,2026-06-16,,COMPLETED,3494.0
ORD01320,CUST0141,2026-05-14,,COMPLETED,4744.0
ORD01321,CUST0474,2025-08-26,,COMPLETED,5740.0
ORD01322,CUST0387,2025-06-22,,COMPLETED,7495.0
ORD01323,CUST0276,2025-07-19,,COMPLETED,898.0
ORD01324,CUST0145,2026-08-08,,COMPLETED,5490.0
ORD01325,CUST0253,2025-09-27,,COMPLETED,2146.0
ORD01326,CUST0412,2025-03-22,,COMPLETED,2595.0
ORD01327,CUST0260,2025-12-10,,COMPLETED,1497.0
ORD01328,CUST0457,2025-02-09,,COMPLETED,2276.0
ORD01329,CUST0071,2026-08-24,,COMPLETED,3293.0
ORD01330,CUST0078,2026-05-12,,COMPLETED,4791.0
ORD01331,CUST0223,2025-03-10,,COMPLETED,2615.0
ORD01332,CUST0353,2025-09-27,,COMPLETED,3441.0
ORD01333,CUST0337,2025-07-04,,CANCELLED,8592.0
ORD01334,CUST0408,2026-02-06,,COMPLETED,8636.0
ORD01335,CUST0127,2026-03-12,,COMPLETED,10586.0
ORD01336,CUST0308,2026-02-26,,COMPLETED,1947.0
ORD01337,CUST0260,2025-08-09,,CANCELLED,8756.0
ORD01338,CUST0415,2026-03-29,,COMPLETED,8941.0
ORD01339,CUST0326,2025-02-16,,COMPLETED,6767.0
ORD01340,CUST0169,2025-05-13,,COMPLETED,499.0
ORD01341,CUST0411,2026-01-24,,COMPLETED,8943.0
ORD01342,CUST0266,2025-08-04,,COMPLETED,5441.0
ORD01343,CUST0441,2025-08-23,,COMPLETED,6293.0
ORD01344,CUST0111,2026-07-21,,COMPLETED,499.0
ORD01345,CUST0387,2026-06-24,,COMPLETED,5961.0
ORD01346,CUST0324,2025-09-11,,COMPLETED,2796.0
ORD01347,CUST0336,2026-02-15,,COMPLETED,9440.0
ORD01348,CUST0011,2025-01-16,,COMPLETED,4741.0
ORD01349,CUST0100,2026-09-13,,CANCELLED,3413.0
ORD01350,CUST0235,2025-07-27,,COMPLETED,12636.0
ORD01351,CUST0248,2025-10-19,,CANCELLED,3792.0
ORD01352,CUST0488,2026-01-17,,COMPLETED,938.0
ORD01353,CUST0296,2025-01-26,,COMPLETED,4121.0
ORD01354,CUST0056,2025-11-15,,COMPLETED,2745.0
ORD01355,CUST0087,2025-08-01,,CANCELLED,9752.0
ORD01356,CUST0371,2026-08-04,,COMPLETED,3996.0
ORD01357,CUST0130,2026-02-26,,COMPLETED,7237.0
ORD01358,CUST0209,2025-01-06,,COMPLETED,6441.0
ORD01359,CUST0256,2025-11-17,,PENDING,4141.0
ORD01360,CUST0285,2025-03-25,,CANCELLED,4371.0
ORD01361,CUST0086,2025-07-22,,COMPLETED,1996.0
ORD01362,CUST0254,2025-06-24,,COMPLETED,4531.0
ORD01363,CUST0223,2025-10-29,,COMPLETED,4670.0
ORD01364,CUST0073,2025-10-25,,COMPLETED,5392.0
ORD01365,CUST0310,2025-09-15,,COMPLETED,3896.0
ORD01366,CUST0269,2026-05-01,,COMPLETED,7062.0
ORD01367,CUST0356,2025-04-07,,COMPLETED,5649.0
ORD01368,CUST0035,2025-12-25,,COMPLETED,1047.0
ORD01369,CUST0141,2025-10-19,,COMPLETED,8583.0
ORD01370,CUST0278,2025-07-27,,COMPLETED,2595.0
ORD01371,CUST0092,2025-09-27,,COMPLETED,6951.0
ORD01372,CUST0170,2026-08-13,,COMPLETED,5952.0
ORD01373,CUST0002,2025-08-26,,PENDING,7495.0
ORD01374,CUST0076,2025-05-27,,COMPLETED,449.0
ORD01375,CUST0459,2025-02-23,,COMPLETED,4209.0
ORD01376,CUST0287,2026-02-07,,COMPLETED,6796.0
ORD01377,CUST0453,2026-09-12,,COMPLETED,2295.0
ORD01378,CUST0431,2026-03-24,,COMPLETED,8987.0
ORD01379,CUST0092,2025-01-26,,CANCELLED,9334.0
ORD01380,CUST0449,2025-07-15,,COMPLETED,2497.0
ORD01381,CUST0227,2026-01-05,,COMPLETED,1437.0
ORD01382,CUST0169,2025-04-07,,CANCELLED,3403.0
ORD01383,CUST0329,2026-05-06,,COMPLETED,5540.0
ORD01384,CUST0312,2026-04-11,,COMPLETED,2584.0
ORD01385,CUST0314,2025-06-06,,COMPLETED,2897.0
ORD01386,CUST0215,2025-05-03,,COMPLETED,449.0
ORD01387,CUST0440,2026-07-12,,COMPLETED,1736.0
ORD01388,CUST0429,2025-11-21,,CANCELLED,6892.0
ORD01389,CUST0008,2026-02-17,,COMPLETED,1098.0
ORD01390,CUST0423,2026-05-29,,COMPLETED,4481.0
ORD01391,CUST0102,2026-06-02,,COMPLETED,1947.0
ORD01392,CUST0288,2025-12-26,,COMPLETED,6239.0
ORD01393,CUST0471,2025-04-03,,COMPLETED,1587.0
ORD01394,CUST0303,2025-01-21,,COMPLETED,1797.0
ORD01395,CUST0236,2025-03-25,,CANCELLED,2696.0
ORD01396,CUST0159,2025-02-24,,COMPLETED,10588.0
ORD01397,CUST0116,2025-07-12,,COMPLETED,4183.0
ORD01398,CUST0136,2025-04-05,,COMPLETED,6839.0
ORD01399,CUST0019,2026-08-23,,COMPLETED,2844.0
ORD01400,CUST0107,2025-12-17,,COMPLETED,4563.0
ORD01401,CUST0240,2025-09-25,,COMPLETED,978.0
ORD01402,CUST0244,2025-05-24,,COMPLETED,4071.0
ORD01403,CUST0360,2025-04-18,,COMPLETED,2116.0
ORD01404,CUST0244,2025-12-09,,COMPLETED,1587.0
ORD01405,CUST0157,2025-06-16,,COMPLETED,6491.0
ORD01406,CUST0234,2026-08-31,,COMPLETED,6986.0
ORD01407,CUST0248,2026-02-15,,COMPLETED,2955.0
ORD01408,CUST0219,2025-10-03,,PENDING,7545.0
ORD01409,CUST0102,2026-08-05,,COMPLETED,748.0
ORD01410,CUST0159,2025-05-25,,COMPLETED,4391.0
ORD01411,CUST0158,2025-03-24,,COMPLETED,1996.0
ORD01412,CUST0351,2026-07-23,,COMPLETED,4082.0
ORD01413,CUST0282,2026-02-08,,COMPLETED,3921.0
ORD01414,CUST0163,2025-05-17,,COMPLETED,10437.0
ORD01415,CUST0274,2025-03-15,,COMPLETED,2995.0
ORD01416,CUST0092,2025-08-29,,COMPLETED,7936.0
ORD01417,CUST0469,2025-03-21,,COMPLETED,1667.0
ORD01418,CUST0155,2026-03-22,,COMPLETED,7076.0
ORD01419,CUST0018,2025-09-25,,PENDING,6239.0
ORD01420,CUST0178,2025-04-14,,COMPLETED,11135.0
ORD01421,CUST0197,2026-04-11,,COMPLETED,8537.0
ORD01422,CUST0414,2026-04-07,,COMPLETED,6848.0
ORD01423,CUST0389,2026-01-28,,CANCELLED,529.0
ORD01424,CUST0173,2026-08-28,,COMPLETED,5420.0
ORD01425,CUST0188,2025-02-21,,CANCELLED,4641.0
ORD01426,CUST0137,2025-07-03,,COMPLETED,5240.0
ORD01427,CUST0375,2025-02-07,,COMPLETED,4711.0
ORD01428,CUST0221,2025-10-09,,COMPLETED,8785.0
ORD01429,CUST0040,2025-12-01,,COMPLETED,2475.0
ORD01430,CUST0263,2025-03-22,,COMPLETED,5894.0
ORD01431,CUST0429,2026-03-20,,PENDING,4682.0
ORD01432,CUST0264,2026-07-07,,CANCELLED,3496.0
ORD01433,CUST0294,2026-04-30,,COMPLETED,7786.0
ORD01434,CUST0205,2025-07-05,,COMPLETED,3493.0
ORD01435,CUST0141,2025-10-01,,COMPLETED,3744.0
ORD01436,CUST0033,2026-09-19,,COMPLETED,10874.0
ORD01437,CUST0477,2026-07-26,,COMPLETED,8770.0
ORD01438,CUST0108,2026-06-30,,COMPLETED,7185.0
ORD01439,CUST0177,2025-03-27,,COMPLETED,11939.0
ORD01440,CUST0016,2025-06-09,,COMPLETED,4191.0
ORD01441,CUST0213,2025-01-24,,COMPLETED,5319.0
ORD01442,CUST0068,2026-01-23,,COMPLETED,2196.0
ORD01443,CUST0112,2025-08-05,,PENDING,11607.0
ORD01444,CUST0181,2025-08-11,,COMPLETED,10941.0
ORD01445,CUST0275,2026-06-30,,COMPLETED,9468.0
ORD01446,CUST0148,2025-01-04,,COMPLETED,3663.0
ORD01447,CUST0298,2026-03-05,,PENDING,6686.0
ORD01448,CUST0258,2025-03-24,,COMPLETED,5758.0
ORD01449,CUST0488,2026-01-15,,COMPLETED,8709.0
ORD01450,CUST0242,2025-07-24,,COMPLETED,7137.0
ORD01451,CUST0126,2026-09-10,,COMPLETED,6641.0
ORD01452,CUST0329,2025-04-24,,COMPLETED,3924.0
ORD01453,CUST0384,2025-02-03,,COMPLETED,6307.0
ORD01454,CUST0062,2026-09-14,,COMPLETED,1876.0
ORD01455,CUST0424,2025-03-03,,COMPLETED,12584.0
ORD01456,CUST0220,2025-05-08,,COMPLETED,3834.0
ORD01457,CUST0212,2025-12-14,,COMPLETED,3405.0
ORD01458,CUST0050,2025-12-04,,COMPLETED,1876.0
ORD01459,CUST0386,2025-09-08,,COMPLETED,5350.0
ORD01460,CUST0291,2025-10-09,,COMPLETED,2076.0
ORD01461,CUST0114,2026-01-15,,COMPLETED,6858.0
ORD01462,CUST0366,2026-03-27,,COMPLETED,2996.0
ORD01463,CUST0312,2025-10-27,,CANCELLED,5090.0
ORD01464,CUST0076,2026-08-22,,COMPLETED,10447.0
ORD01465,CUST0317,2025-06-24,,PENDING,4492.0
ORD01466,CUST0268,2026-01-19,,COMPLETED,5139.0
ORD01467,CUST0343,2025-03-08,,COMPLETED,9821.0
ORD01468,CUST0333,2025-07-21,,COMPLETED,5488.0
ORD01469,CUST0341,2025-02-03,,COMPLETED,2245.0
ORD01470,CUST0035,2025-10-05,,COMPLETED,999.0
ORD01471,CUST0229,2026-08-04,,COMPLETED,3296.0
ORD01472,CUST0117,2026-04-13,,COMPLETED,2725.0
ORD01473,CUST0268,2025-11-07,,COMPLETED,4911.0
ORD01474,CUST0238,2025-04-11,,COMPLETED,449.0
ORD01475,CUST0101,2026-05-05,,COMPLETED,938.0
ORD01476,CUST0052,2026-07-10,,COMPLETED,6469.0
ORD01477,CUST0302,2026-09-22,,COMPLETED,2596.0
ORD01478,CUST0308,2025-10-05,,COMPLETED,4241.0
ORD01479,CUST0146,2025-11-03,,COMPLETED,5490.0
ORD01480,CUST0159,2026-03-27,,COMPLETED,3902.0
ORD01481,CUST0241,2026-05-23,,COMPLETED,3996.0
ORD01482,CUST0345,2025-11-08,,COMPLETED,3173.0
ORD01483,CUST0110,2025-11-11,,COMPLETED,4811.0
ORD01484,CUST0108,2026-08-08,,COMPLETED,5312.0
ORD01485,CUST0313,2025-06-10,,COMPLETED,6648.0
ORD01486,CUST0479,2025-11-07,,COMPLETED,7840.0
ORD01487,CUST0218,2026-07-31,,COMPLETED,11887.0
ORD01488,CUST0393,2025-10-08,,COMPLETED,2694.0
ORD01489,CUST0427,2026-01-18,,COMPLETED,9236.0
ORD01490,CUST0258,2026-03-27,,CANCELLED,1098.0
ORD01491,CUST0083,2025-11-30,,COMPLETED,7136.0
ORD01492,CUST0301,2026-01-20,,COMPLETED,897.0
ORD01493,CUST0142,2026-07-05,,COMPLETED,4072.0
ORD01494,CUST0423,2025-06-05,,CANCELLED,3853.0
ORD01495,CUST0168,2026-08-10,,COMPLETED,4136.0
ORD01496,CUST0446,2025-11-18,,PENDING,6403.0
ORD01497,CUST0240,2025-08-22,,COMPLETED,5189.0
ORD01498,CUST0383,2025-01-24,,COMPLETED,11288.0
ORD01499,CUST0192,2025-01-17,,COMPLETED,1467.0
ORD01500,CUST0405,2026-07-06,,COMPLETED,3543.0
ORD01501,CUST0499,2026-07-26,,COMPLETED,3444.0
ORD01502,CUST0473,2026-04-25,,COMPLETED,5643.0
ORD01503,CUST0239,2026-04-08,,CANCELLED,1197.0
ORD01504,CUST0332,2026-08-13,,COMPLETED,9157.0
ORD01505,CUST0010,2025-01-09,,COMPLETED,8186.0
ORD01506,CUST0395,2026-08-12,,CANCELLED,3196.0
ORD01507,CUST0158,2025-07-05,,COMPLETED,1998.0
ORD01508,CUST0277,2025-12-23,,PENDING,4093.0
ORD01509,CUST0084,2026-03-11,,PENDING,5096.0
ORD01510,CUST0071,2026-03-27,,COMPLETED,7369.0
ORD01511,CUST0225,2026-02-13,,COMPLETED,12193.0
ORD01512,CUST0063,2025-06-16,,COMPLETED,2345.0
ORD01513,CUST0184,2025-11-21,,COMPLETED,5742.0
ORD01514,CUST0245,2025-09-19,,COMPLETED,7839.0
ORD01515,CUST0485,2025-11-14,,COMPLETED,5090.0
ORD01516,CUST0488,2025-10-09,,COMPLETED,4242.0
ORD01517,CUST0066,2026-06-16,,COMPLETED,7987.0
ORD01518,CUST0213,2025-06-11,,COMPLETED,3976.0
ORD01519,CUST0187,2025-04-23,,COMPLETED,938.0
ORD01520,CUST0157,2026-02-18,,COMPLETED,2325.0
ORD01521,CUST0456,2026-04-27,,COMPLETED,3744.0
ORD01522,CUST0194,2026-09-05,,COMPLETED,2176.0
ORD01523,CUST0460,2025-08-17,,COMPLETED,2196.0
ORD01524,CUST0238,2026-03-02,,CANCELLED,5738.0
ORD01525,CUST0461,2025-09-21,,COMPLETED,3671.0
ORD01526,CUST0384,2026-08-08,,COMPLETED,2036.0
ORD01527,CUST0338,2025-03-26,,COMPLETED,5630.0
ORD01528,CUST0169,2026-04-19,,COMPLETED,6481.0
ORD01529,CUST0297,2025-02-05,,COMPLETED,3694.0
ORD01530,CUST0428,2025-09-01,,COMPLETED,4371.0
ORD01531,CUST0322,2026-08-15,,COMPLETED,3802.0
ORD01532,CUST0226,2025-05-01,,COMPLETED,6708.0
ORD01533,CUST0234,2025-04-09,,COMPLETED,5062.0
ORD01534,CUST0329,2025-01-27,,PENDING,2795.0
ORD01535,CUST0062,2026-07-18,,COMPLETED,3893.0
ORD01536,CUST0224,2026-07-21,,PENDING,3495.0
ORD01537,CUST0094,2026-02-12,,COMPLETED,1757.0
ORD01538,CUST0102,2025-12-29,,COMPLETED,5890.0
ORD01539,CUST0025,2026-06-30,,COMPLETED,2465.0
ORD01540,CUST0082,2025-04-13,,COMPLETED,6393.0
ORD01541,CUST0483,2026-09-17,,COMPLETED,4093.0
ORD01542,CUST0200,2026-06-19,,PENDING,3882.0
ORD01543,CUST0363,2026-07-24,,COMPLETED,9990.0
ORD01544,CUST0492,2025-03-10,,COMPLETED,10788.0
ORD01545,CUST0201,2026-08-29,,COMPLETED,4143.0
ORD01546,CUST0372,2026-08-23,,CANCELLED,2605.0
ORD01547,CUST0390,2025-12-02,,COMPLETED,1467.0
ORD01548,CUST0269,2025-04-16,,COMPLETED,7035.0
ORD01549,CUST0079,2025-03-14,,CANCELLED,8442.0
ORD01550,CUST0321,2026-04-23,,COMPLETED,7493.0
ORD01551,CUST0116,2026-06-20,,COMPLETED,6388.0
ORD01552,CUST0030,2025-04-18,,CANCELLED,11089.0
ORD01553,CUST0169,2026-03-06,,COMPLETED,3643.0
ORD01554,CUST0300,2026-05-22,,COMPLETED,9681.0
ORD01555,CUST0193,2026-09-14,,COMPLETED,4142.0
ORD01556,CUST0495,2025-09-02,,COMPLETED,8038.0
ORD01557,CUST0294,2026-06-20,,COMPLETED,6888.0
ORD01558,CUST0093,2025-01-25,,COMPLETED,4492.0
ORD01559,CUST0184,2025-12-19,,COMPLETED,2056.0
ORD01560,CUST0235,2025-09-27,,COMPLETED,4462.0
ORD01561,CUST0380,2026-02-15,,COMPLETED,2106.0
ORD01562,CUST0181,2026-09-24,,COMPLETED,2046.0
ORD01563,CUST0469,2025-04-03,,COMPLETED,3432.0
ORD01564,CUST0136,2026-05-13,,COMPLETED,5873.0
ORD01565,CUST0098,2026-08-19,,COMPLETED,7449.0
ORD01566,CUST0357,2025-03-19,,COMPLETED,2495.0
ORD01567,CUST0469,2026-02-19,,CANCELLED,3842.0
ORD01568,CUST0204,2025-05-17,,CANCELLED,2097.0
ORD01569,CUST0315,2026-08-07,,PENDING,4541.0
ORD01570,CUST0342,2025-10-08,,COMPLETED,2396.0
ORD01571,CUST0449,2025-08-20,,COMPLETED,2585.0
ORD01572,CUST0494,2025-01-22,,CANCELLED,8694.0
ORD01573,CUST0096,2026-06-16,,COMPLETED,9937.0
ORD01574,CUST0461,2025-08-29,,COMPLETED,5290.0
ORD01575,CUST0297,2025-05-12,,COMPLETED,6028.0
ORD01576,CUST0239,2025-10-03,,COMPLETED,2345.0
ORD01577,CUST0225,2026-05-25,,COMPLETED,529.0
ORD01578,CUST0287,2026-04-05,,COMPLETED,4497.0
ORD01579,CUST0245,2025-06-01,,COMPLETED,4891.0
ORD01580,CUST0366,2026-09-05,,COMPLETED,3593.0
ORD01581,CUST0276,2025-11-08,,COMPLETED,7626.0
ORD01582,CUST0028,2026-01-02,,COMPLETED,479.0
ORD01583,CUST0272,2026-02-28,,COMPLETED,2156.0
ORD01584,CUST0016,2026-05-22,,COMPLETED,10537.0
ORD01585,CUST0196,2026-05-01,,COMPLETED,5281.0
ORD01586,CUST0451,2025-09-16,,COMPLETED,2196.0
ORD01587,CUST0180,2025-03-25,,COMPLETED,1467.0
ORD01588,CUST0011,2026-09-13,,COMPLETED,897.0
ORD01589,CUST0049,2025-06-22,,COMPLETED,1497.0
ORD01590,CUST0197,2025-11-10,,COMPLETED,6259.0
ORD01591,CUST0094,2026-07-03,,COMPLETED,5490.0
ORD01592,CUST0294,2025-07-01,,CANCELLED,2485.0
ORD01593,CUST0319,2025-02-09,,CANCELLED,2997.0
ORD01594,CUST0479,2025-10-26,,COMPLETED,1447.0
ORD01595,CUST0255,2025-07-17,,COMPLETED,3561.0
ORD01596,CUST0343,2026-07-22,,COMPLETED,3014.0
ORD01597,CUST0097,2026-02-18,,COMPLETED,5996.0
ORD01598,CUST0416,2026-08-29,,COMPLETED,897.0
ORD01599,CUST0467,2026-06-24,,COMPLETED,7458.0
ORD01600,CUST0391,2025-07-22,,COMPLETED,6640.0
ORD01601,CUST0165,2026-07-29,,COMPLETED,6991.0
ORD01602,CUST0485,2025-04-02,,COMPLETED,2544.0
ORD01603,CUST0015,2025-02-18,,PENDING,8084.0
ORD01604,CUST0261,2026-01-15,,COMPLETED,2998.0
ORD01605,CUST0051,2026-04-14,,CANCELLED,1397.0
ORD01606,CUST0254,2025-07-31,,COMPLETED,1996.0
ORD01607,CUST0106,2025-04-30,,CANCELLED,2998.0
ORD01608,CUST0338,2025-12-05,,PENDING,5040.0
ORD01609,CUST0127,2026-09-29,,COMPLETED,9348.0
ORD01610,CUST0354,2025-01-11,,COMPLETED,7067.0
ORD01611,CUST0022,2026-04-05,,COMPLETED,848.0
ORD01612,CUST0082,2026-05-16,,COMPLETED,6858.0
ORD01613,CUST0147,2025-10-19,,CANCELLED,5693.0
ORD01614,CUST0285,2026-05-25,,COMPLETED,1876.0
ORD01615,CUST0056,2025-04-25,,COMPLETED,8118.0
ORD01616,CUST0190,2026-03-25,,COMPLETED,6288.0
ORD01617,CUST0023,2026-08-06,,COMPLETED,2745.0
ORD01618,CUST0180,2026-04-19,,COMPLETED,1796.0
ORD01619,CUST0079,2025-10-26,,COMPLETED,1955.0
ORD01620,CUST0337,2026-03-26,,COMPLETED,8795.0
ORD01621,CUST0074,2026-07-15,,PENDING,549.0
ORD01622,CUST0210,2026-06-15,,COMPLETED,1946.0
ORD01623,CUST0074,2025-04-17,,COMPLETED,449.0
ORD01624,CUST0289,2025-03-01,,COMPLETED,1398.0
ORD01625,CUST0391,2025-02-06,,COMPLETED,1996.0
ORD01626,CUST0480,2026-08-09,,COMPLETED,3950.0
ORD01627,CUST0314,2025-09-14,,COMPLETED,6930.0
ORD01628,CUST0327,2025-06-28,,PENDING,5110.0
ORD01629,CUST0022,2026-04-16,,COMPLETED,2405.0
ORD01630,CUST0483,2026-02-20,,COMPLETED,11366.0
ORD01631,CUST0167,2026-02-13,,COMPLETED,8693.0
ORD01632,CUST0100,2026-09-26,,COMPLETED,7358.0
ORD01633,CUST0073,2026-04-27,,COMPLETED,6251.0
ORD01634,CUST0173,2026-07-19,,CANCELLED,9499.0
ORD01635,CUST0291,2025-06-26,,COMPLETED,2393.0
ORD01636,CUST0078,2026-02-26,,COMPLETED,3394.0
ORD01637,CUST0162,2026-09-18,,CANCELLED,299.0
ORD01638,CUST0403,2025-03-08,,COMPLETED,1499.0
ORD01639,CUST0170,2025-04-03,,COMPLETED,3224.0
ORD01640,CUST0186,2025-11-20,,COMPLETED,5898.0
ORD01641,CUST0082,2025-06-05,,COMPLETED,2445.0
ORD01642,CUST0210,2025-06-12,,COMPLETED,8392.0
ORD01643,CUST0387,2025-02-10,,COMPLETED,9327.0
ORD01644,CUST0300,2026-08-09,,COMPLETED,2345.0
ORD01645,CUST0177,2025-12-14,,PENDING,7128.0
ORD01646,CUST0470,2025-06-03,,COMPLETED,1346.0
ORD01647,CUST0182,2026-09-10,,PENDING,5430.0
ORD01648,CUST0263,2025-10-14,,PENDING,1407.0
ORD01649,CUST0464,2025-06-20,,COMPLETED,4093.0
ORD01650,CUST0222,2025-12-12,,COMPLETED,4131.0
ORD01651,CUST0377,2026-08-11,,COMPLETED,6799.0
ORD01652,CUST0188,2026-06-09,,CANCELLED,6147.0
ORD01653,CUST0251,2025-10-16,,COMPLETED,7240.0
ORD01654,CUST0416,2025-05-12,,COMPLETED,599.0
ORD01655,CUST0091,2026-01-18,,COMPLETED,1548.0
ORD01656,CUST0371,2025-01-14,,COMPLETED,5989.0
ORD01657,CUST0324,2025-12-05,,COMPLETED,479.0
ORD01658,CUST0029,2025-05-23,,COMPLETED,529.0
ORD01659,CUST0368,2025-04-04,,COMPLETED,2595.0
ORD01660,CUST0165,2026-06-27,,COMPLETED,3433.0
ORD01661,CUST0241,2025-10-22,,COMPLETED,938.0
ORD01662,CUST0260,2025-01-07,,COMPLETED,5890.0
ORD01663,CUST0499,2025-07-13,,COMPLETED,1198.0
ORD01664,CUST0435,2025-11-26,,COMPLETED,3992.0
ORD01665,CUST0308,2026-02-27,,COMPLETED,5940.0
ORD01666,CUST0004,2025-09-15,,COMPLETED,2545.0
ORD01667,CUST0177,2025-03-03,,COMPLETED,4991.0
ORD01668,CUST0302,2026-01-06,,COMPLETED,1437.0
ORD01669,CUST0373,2025-11-23,,COMPLETED,6388.0
ORD01670,CUST0301,2025-06-24,,COMPLETED,6019.0
ORD01671,CUST0445,2026-04-21,,COMPLETED,5992.0
ORD01672,CUST0487,2025-01-26,,CANCELLED,4591.0
ORD01673,CUST0008,2026-03-21,,COMPLETED,2016.0
ORD01674,CUST0049,2025-01-17,,COMPLETED,1747.0
ORD01675,CUST0255,2026-02-06,,COMPLETED,10867.0
ORD01676,CUST0223,2025-06-13,,COMPLETED,449.0
ORD01677,CUST0035,2025-11-28,,COMPLETED,5270.0
ORD01678,CUST0252,2025-01-14,,PENDING,2842.0
ORD01679,CUST0220,2026-09-19,,COMPLETED,3414.0
ORD01680,CUST0414,2025-05-12,,COMPLETED,5479.0
ORD01681,CUST0353,2025-08-28,,CANCELLED,6239.0
ORD01682,CUST0296,2025-12-06,,COMPLETED,4243.0
ORD01683,CUST0363,2026-08-31,,COMPLETED,2355.0
ORD01684,CUST0161,2026-06-08,,CANCELLED,7356.0
ORD01685,CUST0309,2025-09-30,,COMPLETED,7890.0
ORD01686,CUST0127,2025-08-17,,COMPLETED,6249.0
ORD01687,CUST0402,2025-10-07,,PENDING,6337.0
ORD01688,CUST0152,2025-03-04,,COMPLETED,5442.0
ORD01689,CUST0128,2026-01-21,,COMPLETED,1947.0
ORD01690,CUST0105,2025-05-28,,COMPLETED,1196.0
ORD01691,CUST0041,2026-01-13,,COMPLETED,3371.0
ORD01692,CUST0081,2026-09-01,,COMPLETED,5290.0
ORD01693,CUST0233,2025-10-19,,COMPLETED,948.0
ORD01694,CUST0445,2025-12-01,,COMPLETED,4860.0
ORD01695,CUST0322,2026-03-21,,COMPLETED,7824.0
ORD01696,CUST0021,2026-06-08,,COMPLETED,1567.0
ORD01697,CUST0078,2025-04-15,,COMPLETED,4644.0
ORD01698,CUST0174,2025-03-25,,COMPLETED,1876.0
ORD01699,CUST0280,2025-03-05,,COMPLETED,4641.0
ORD01700,CUST0391,2025-09-25,,COMPLETED,1495.0
ORD01701,CUST0013,2025-02-23,,COMPLETED,1467.0
ORD01702,CUST0389,2025-08-27,,CANCELLED,3263.0
ORD01703,CUST0388,2026-02-10,,COMPLETED,4670.0
ORD01704,CUST0021,2025-07-24,,COMPLETED,2875.0
ORD01705,CUST0179,2025-03-24,,COMPLETED,4412.0
ORD01706,CUST0275,2025-01-08,,CANCELLED,6099.0
ORD01707,CUST0428,2025-07-26,,COMPLETED,5242.0
ORD01708,CUST0334,2025-10-20,,COMPLETED,4401.0
ORD01709,CUST0022,2026-02-01,,COMPLETED,5992.0
ORD01710,CUST0427,2025-08-08,,CANCELLED,4740.0
ORD01711,CUST0112,2026-06-08,,COMPLETED,1198.0
ORD01712,CUST0441,2025-12-08,,COMPLETED,7065.0
ORD01713,CUST0288,2026-09-04,,COMPLETED,1028.0
ORD01714,CUST0437,2025-02-01,,COMPLETED,649.0
ORD01715,CUST0156,2026-04-01,,COMPLETED,2645.0
ORD01716,CUST0331,2025-07-15,,PENDING,2945.0
ORD01717,CUST0461,2025-05-03,,COMPLETED,3864.0
ORD01718,CUST0090,2025-01-15,,COMPLETED,5840.0
ORD01719,CUST0140,2025-10-04,,COMPLETED,6509.0
ORD01720,CUST0016,2025-02-08,,COMPLETED,3912.0
ORD01721,CUST0369,2026-05-06,,COMPLETED,4192.0
ORD01722,CUST0415,2025-01-02,,PENDING,3495.0
ORD01723,CUST0428,2026-03-22,,COMPLETED,5792.0
ORD01724,CUST0307,2026-01-12,,COMPLETED,6955.0
ORD01725,CUST0165,2025-12-22,,COMPLETED,12865.0
ORD01726,CUST0185,2026-03-19,,COMPLETED,8409.0
ORD01727,CUST0386,2026-07-07,,CANCELLED,6992.0
ORD01728,CUST0471,2025-05-29,,COMPLETED,5493.0
ORD01729,CUST0418,2025-07-30,,COMPLETED,14184.0
ORD01730,CUST0054,2026-08-13,,COMPLETED,3893.0
ORD01731,CUST0060,2025-11-30,,COMPLETED,10349.0
ORD01732,CUST0180,2026-02-22,,COMPLETED,2396.0
ORD01733,CUST0080,2025-07-12,,COMPLETED,938.0
ORD01734,CUST0469,2025-03-15,,COMPLETED,6040.0
ORD01735,CUST0327,2025-04-09,,PENDING,4996.0
ORD01736,CUST0062,2025-08-01,,COMPLETED,1647.0
ORD01737,CUST0232,2025-05-02,,COMPLETED,4339.0
ORD01738,CUST0199,2026-01-19,,COMPLETED,11555.0
ORD01739,CUST0017,2026-05-27,,COMPLETED,2596.0
ORD01740,CUST0441,2026-01-28,,COMPLETED,2245.0
ORD01741,CUST0318,2025-12-26,,CANCELLED,9137.0
ORD01742,CUST0048,2025-03-26,,COMPLETED,1876.0
ORD01743,CUST0384,2025-12-12,,COMPLETED,8095.0
ORD01744,CUST0049,2025-01-11,,COMPLETED,7495.0
ORD01745,CUST0228,2025-03-12,,COMPLETED,7426.0
ORD01746,CUST0061,2026-06-14,,COMPLETED,9025.0
ORD01747,CUST0057,2025-06-08,,PENDING,2396.0
ORD01748,CUST0249,2025-09-13,,COMPLETED,2346.0
ORD01749,CUST0094,2025-08-17,,COMPLETED,3434.0
ORD01750,CUST0068,2026-09-12,,COMPLETED,8817.0
ORD01751,CUST0326,2026-07-11,,COMPLETED,3583.0
ORD01752,CUST0135,2026-01-02,,COMPLETED,2028.0
ORD01753,CUST0083,2025-03-30,,COMPLETED,3242.0
ORD01754,CUST0286,2025-09-27,,COMPLETED,2724.0
ORD01755,CUST0021,2025-08-26,,COMPLETED,4712.0
ORD01756,CUST0031,2026-06-07,,COMPLETED,1467.0
ORD01757,CUST0300,2026-06-28,,COMPLETED,2994.0
ORD01758,CUST0097,2026-05-02,,COMPLETED,4841.0
ORD01759,CUST0325,2026-07-09,,CANCELLED,1058.0
ORD01760,CUST0440,2026-06-07,,COMPLETED,2345.0
ORD01761,CUST0038,2026-08-03,,COMPLETED,6138.0
ORD01762,CUST0022,2025-11-25,,COMPLETED,1797.0
ORD01763,CUST0201,2026-04-06,,COMPLETED,4641.0
ORD01764,CUST0487,2026-06-06,,CANCELLED,4432.0
ORD01765,CUST0255,2025-03-18,,COMPLETED,449.0
ORD01766,CUST0288,2025-03-28,,COMPLETED,1896.0
ORD01767,CUST0143,2026-02-07,,COMPLETED,6809.0
ORD01768,CUST0438,2026-04-27,,COMPLETED,13380.0
ORD01769,CUST0071,2026-04-26,,COMPLETED,5450.0
ORD01770,CUST0448,2025-10-23,,COMPLETED,8393.0
ORD01771,CUST0098,2025-12-23,,PENDING,5291.0
ORD01772,CUST0143,2025-09-28,,COMPLETED,3435.0
ORD01773,CUST0098,2026-01-06,,COMPLETED,8928.0
ORD01774,CUST0061,2025-10-26,,COMPLETED,3435.0
ORD01775,CUST0455,2026-05-24,,COMPLETED,7276.0
ORD01776,CUST0131,2026-09-13,,COMPLETED,2245.0
ORD01777,CUST0202,2025-01-04,,COMPLETED,11937.0
ORD01778,CUST0262,2026-08-05,,COMPLETED,4540.0
ORD01779,CUST0244,2026-03-24,,COMPLETED,1058.0
ORD01780,CUST0063,2026-01-06,,COMPLETED,499.0
ORD01781,CUST0143,2025-04-21,,COMPLETED,4663.0
ORD01782,CUST0457,2026-08-04,,COMPLETED,2245.0
ORD01783,CUST0369,2025-10-11,,COMPLETED,10490.0
ORD01784,CUST0293,2025-10-01,,CANCELLED,6339.0
ORD01785,CUST0163,2025-08-14,,COMPLETED,6577.0
ORD01786,CUST0499,2025-10-04,,COMPLETED,1098.0
ORD01787,CUST0433,2026-02-21,,COMPLETED,3863.0
ORD01788,CUST0344,2025-11-12,,COMPLETED,7857.0
ORD01789,CUST0077,2026-01-29,,CANCELLED,10195.0
ORD01790,CUST0176,2025-11-26,,COMPLETED,6509.0
ORD01791,CUST0429,2026-01-22,,COMPLETED,10788.0
ORD01792,CUST0461,2025-08-25,,COMPLETED,4570.0
ORD01793,CUST0293,2025-12-20,,COMPLETED,1876.0
ORD01794,CUST0371,2026-04-02,,CANCELLED,1347.0
ORD01795,CUST0179,2025-08-23,,COMPLETED,7078.0
ORD01796,CUST0307,2026-06-28,,COMPLETED,1347.0
ORD01797,CUST0025,2025-08-23,,COMPLETED,3224.0
ORD01798,CUST0129,2025-03-23,,COMPLETED,5001.0
ORD01799,CUST0446,2025-07-10,,COMPLETED,4292.0
ORD01800,CUST0027,2026-08-10,,COMPLETED,4552.0
ORD01801,CUST0459,2025-06-21,,COMPLETED,978.0
ORD01802,CUST0396,2025-04-14,,COMPLETED,4701.0
ORD01803,CUST0390,2026-01-13,,COMPLETED,1507.0
ORD01804,CUST0167,2025-06-25,,COMPLETED,2445.0
ORD01805,CUST0459,2025-02-28,,COMPLETED,1936.0
ORD01806,CUST0124,2026-09-16,,COMPLETED,4535.0
ORD01807,CUST0083,2026-09-13,,COMPLETED,898.0
ORD01808,CUST0001,2025-10-22,,COMPLETED,9692.0
ORD01809,CUST0493,2026-06-17,,COMPLETED,8097.0
ORD01810,CUST0413,2025-02-07,,COMPLETED,8287.0
ORD01811,CUST0193,2025-11-03,,COMPLETED,5663.0
ORD01812,CUST0397,2025-05-31,,COMPLETED,4893.0
ORD01813,CUST0126,2025-05-26,,COMPLETED,6373.0
ORD01814,CUST0205,2026-04-23,,COMPLETED,5863.0
ORD01815,CUST0126,2025-05-30,,CANCELLED,1947.0
ORD01816,CUST0028,2025-12-25,,COMPLETED,12484.0
ORD01817,CUST0283,2026-05-04,,COMPLETED,5889.0
ORD01818,CUST0052,2025-05-30,,COMPLETED,9960.0
ORD01819,CUST0013,2026-04-05,,COMPLETED,12566.0
ORD01820,CUST0064,2026-03-25,,COMPLETED,10234.0
ORD01821,CUST0496,2025-06-07,,CANCELLED,3881.0
ORD01822,CUST0048,2026-09-24,,COMPLETED,5591.0
ORD01823,CUST0292,2025-07-18,,COMPLETED,3712.0
ORD01824,CUST0470,2025-08-04,,COMPLETED,529.0
ORD01825,CUST0136,2026-05-10,,COMPLETED,2405.0
ORD01826,CUST0041,2026-04-16,,COMPLETED,5658.0
ORD01827,CUST0286,2026-07-16,,CANCELLED,6738.0
ORD01828,CUST0267,2025-10-13,,COMPLETED,3395.0
ORD01829,CUST0248,2025-10-06,,COMPLETED,4311.0
ORD01830,CUST0411,2025-09-21,,COMPLETED,2176.0
ORD01831,CUST0238,2025-06-06,,CANCELLED,8788.0
ORD01832,CUST0154,2025-03-25,,COMPLETED,6687.0
ORD01833,CUST0079,2026-03-01,,COMPLETED,1347.0
ORD01834,CUST0061,2025-11-12,,COMPLETED,10547.0
ORD01835,CUST0125,2026-09-18,,COMPLETED,5010.0
ORD01836,CUST0052,2025-03-26,,COMPLETED,2645.0
ORD01837,CUST0220,2026-05-20,,CANCELLED,4994.0
ORD01838,CUST0017,2025-05-17,,COMPLETED,8891.0
ORD01839,CUST0021,2025-06-19,,CANCELLED,3443.0
ORD01840,CUST0001,2025-07-16,,COMPLETED,10892.0
ORD01841,CUST0037,2026-09-20,,COMPLETED,2345.0
ORD01842,CUST0437,2025-09-24,,COMPLETED,2345.0
ORD01843,CUST0115,2025-10-18,,COMPLETED,4809.0
ORD01844,CUST0488,2026-06-06,,COMPLETED,7139.0
ORD01845,CUST0077,2025-06-08,,COMPLETED,479.0
ORD01846,CUST0076,2025-04-21,,PENDING,2026.0
ORD01847,CUST0395,2025-12-07,,COMPLETED,3872.0
ORD01848,CUST0063,2026-07-20,,COMPLETED,8292.0
ORD01849,CUST0081,2026-02-05,,COMPLETED,499.0
ORD01850,CUST0431,2025-09-16,,COMPLETED,4998.0
ORD01851,CUST0382,2026-03-09,,COMPLETED,3095.0
ORD01852,CUST0213,2025-04-06,,COMPLETED,11048.0
ORD01853,CUST0254,2025-10-12,,CANCELLED,1946.0
ORD01854,CUST0365,2025-12-18,,COMPLETED,5389.0
ORD01855,CUST0109,2025-06-01,,COMPLETED,12185.0
ORD01856,CUST0101,2026-03-22,,COMPLETED,2345.0
ORD01857,CUST0281,2025-10-25,,COMPLETED,11686.0
ORD01858,CUST0425,2026-03-04,,CANCELLED,8393.0
ORD01859,CUST0231,2025-09-29,,COMPLETED,1398.0
ORD01860,CUST0343,2026-08-17,,COMPLETED,3873.0
ORD01861,CUST0123,2026-02-11,,COMPLETED,1647.0
ORD01862,CUST0275,2026-07-14,,CANCELLED,1467.0
ORD01863,CUST0394,2026-09-07,,COMPLETED,5279.0
ORD01864,CUST0474,2026-02-03,,COMPLETED,2743.0
ORD01865,CUST0041,2025-12-03,,COMPLETED,5679.0
ORD01866,CUST0213,2025-06-15,,CANCELLED,2026.0
ORD01867,CUST0392,2025-10-23,,COMPLETED,1098.0
ORD01868,CUST0448,2025-05-05,,CANCELLED,599.0
ORD01869,CUST0399,2025-10-04,,PENDING,3996.0
ORD01870,CUST0173,2025-05-05,,COMPLETED,5458.0
ORD01871,CUST0404,2025-04-05,,COMPLETED,5132.0
ORD01872,CUST0084,2025-05-30,,COMPLETED,2406.0
ORD01873,CUST0175,2026-02-03,,COMPLETED,6319.0
ORD01874,CUST0327,2026-05-11,,COMPLETED,998.0
ORD01875,CUST0428,2026-05-22,,COMPLETED,4442.0
ORD01876,CUST0097,2025-01-04,,COMPLETED,897.0
ORD01877,CUST0333,2025-12-13,,COMPLETED,1796.0
ORD01878,CUST0044,2025-05-18,,COMPLETED,958.0
ORD01879,CUST0243,2026-05-22,,COMPLETED,3984.0
ORD01880,CUST0160,2026-07-04,,COMPLETED,3694.0
ORD01881,CUST0357,2025-09-22,,COMPLETED,3045.0
ORD01882,CUST0500,2026-06-28,,COMPLETED,6992.0
ORD01883,CUST0095,2025-04-06,,CANCELLED,449.0
ORD01884,CUST0049,2025-09-28,,COMPLETED,11238.0
ORD01885,CUST0410,2025-03-22,,COMPLETED,7739.0
ORD01886,CUST0416,2026-07-17,,CANCELLED,6182.0
ORD01887,CUST0386,2025-02-11,,COMPLETED,2245.0
ORD01888,CUST0486,2026-08-26,,COMPLETED,6687.0
ORD01889,CUST0082,2026-08-29,,CANCELLED,1996.0
ORD01890,CUST0333,2026-08-06,,COMPLETED,299.0
ORD01891,CUST0241,2025-08-12,,COMPLETED,3643.0
ORD01892,CUST0209,2025-01-06,,COMPLETED,7449.0
ORD01893,CUST0122,2025-03-02,,COMPLETED,8396.0
ORD01894,CUST0211,2026-08-16,,COMPLETED,3275.0
ORD01895,CUST0131,2026-09-12,,COMPLETED,2245.0
ORD01896,CUST0098,2025-09-17,,COMPLETED,3794.0
ORD01897,CUST0496,2025-09-12,,COMPLETED,1198.0
ORD01898,CUST0382,2025-02-17,,COMPLETED,5091.0
ORD01899,CUST0425,2025-01-15,,COMPLETED,3254.0
ORD01900,CUST0167,2026-02-25,,COMPLETED,3932.0
ORD01901,CUST0181,2025-07-12,,CANCELLED,7403.0
ORD01902,CUST0026,2025-09-16,,COMPLETED,9006.0
ORD01903,CUST0212,2025-04-24,,CANCELLED,7294.0
ORD01904,CUST0394,2025-01-15,,COMPLETED,1916.0
ORD01905,CUST0179,2025-11-07,,COMPLETED,7067.0
ORD01906,CUST0113,2026-03-25,,CANCELLED,1998.0
ORD01907,CUST0331,2026-05-13,,COMPLETED,4892.0
ORD01908,CUST0131,2025-04-12,,COMPLETED,3243.0
ORD01909,CUST0124,2025-10-17,,COMPLETED,6490.0
ORD01910,CUST0295,2026-06-27,,CANCELLED,9573.0
ORD01911,CUST0175,2025-01-02,,COMPLETED,3643.0
ORD01912,CUST0129,2025-10-06,,COMPLETED,8067.0
ORD01913,CUST0242,2025-07-20,,CANCELLED,5191.0
ORD01914,CUST0273,2025-12-08,,COMPLETED,5080.0
ORD01915,CUST0211,2025-02-14,,COMPLETED,7537.0
ORD01916,CUST0378,2025-08-08,,COMPLETED,1497.0
ORD01917,CUST0006,2026-08-25,,COMPLETED,2484.0
ORD01918,CUST0473,2025-08-31,,COMPLETED,2997.0
ORD01919,CUST0406,2026-09-05,,COMPLETED,3842.0
ORD01920,CUST0086,2025-01-07,,CANCELLED,5940.0
ORD01921,CUST0299,2025-08-23,,CANCELLED,4840.0
ORD01922,CUST0285,2025-06-18,,COMPLETED,1495.0
ORD01923,CUST0011,2025-10-09,,COMPLETED,1597.0
ORD01924,CUST0101,2025-08-03,,COMPLETED,4369.0
ORD01925,CUST0069,2025-02-02,,COMPLETED,2543.0
ORD01926,CUST0079,2025-03-06,,COMPLETED,1367.0
ORD01927,CUST0192,2025-02-05,,COMPLETED,6711.0
ORD01928,CUST0056,2026-03-22,,COMPLETED,5740.0
ORD01929,CUST0453,2026-06-28,,CANCELLED,12485.0
ORD01930,CUST0111,2026-04-05,,COMPLETED,6661.0
ORD01931,CUST0152,2026-01-20,,COMPLETED,8000.0
ORD01932,CUST0487,2025-04-26,,COMPLETED,6690.0
ORD01933,CUST0276,2025-08-26,,COMPLETED,9990.0
ORD01934,CUST0279,2025-03-17,,COMPLETED,2245.0
ORD01935,CUST0276,2025-04-06,,COMPLETED,5401.0
ORD01936,CUST0436,2025-07-30,,COMPLETED,1994.0
ORD01937,CUST0076,2026-03-29,,COMPLETED,1497.0
ORD01938,CUST0236,2025-06-18,,COMPLETED,2997.0
ORD01939,CUST0442,2025-02-01,,COMPLETED,5494.0
ORD01940,CUST0043,2025-07-14,,COMPLETED,2345.0
ORD01941,CUST0332,2026-01-16,,COMPLETED,998.0
ORD01942,CUST0181,2025-11-17,,COMPLETED,4995.0
ORD01943,CUST0331,2025-10-24,,COMPLETED,6248.0
ORD01944,CUST0277,2026-05-04,,COMPLETED,1058.0
ORD01945,CUST0423,2025-10-23,,COMPLETED,1796.0
ORD01946,CUST0241,2025-02-11,,COMPLETED,8750.0
ORD01947,CUST0177,2025-12-16,,COMPLETED,5050.0
ORD01948,CUST0121,2026-02-27,,COMPLETED,3413.0
ORD01949,CUST0159,2025-06-24,,COMPLETED,8980.0
ORD01950,CUST0107,2025-09-04,,COMPLETED,7636.0
ORD01951,CUST0034,2025-03-04,,COMPLETED,1499.0
ORD01952,CUST0444,2026-02-06,,COMPLETED,7495.0
ORD01953,CUST0469,2026-06-26,,COMPLETED,5689.0
ORD01954,CUST0256,2025-09-12,,COMPLETED,7270.0
ORD01955,CUST0080,2025-03-09,,COMPLETED,7195.0
ORD01956,CUST0209,2025-11-01,,COMPLETED,4345.0
ORD01957,CUST0370,2026-06-26,,COMPLETED,1947.0
ORD01958,CUST0043,2026-04-19,,CANCELLED,4720.0
ORD01959,CUST0096,2026-02-17,,COMPLETED,2963.0
ORD01960,CUST0492,2025-01-24,,COMPLETED,15582.0
ORD01961,CUST0259,2025-01-24,,COMPLETED,898.0
ORD01962,CUST0285,2026-05-28,,COMPLETED,4820.0
ORD01963,CUST0345,2025-12-15,,COMPLETED,2097.0
ORD01964,CUST0123,2025-07-29,,CANCELLED,4395.0
ORD01965,CUST0425,2026-06-23,,COMPLETED,8092.0
ORD01966,CUST0413,2025-04-15,,COMPLETED,6507.0
ORD01967,CUST0124,2026-08-31,,COMPLETED,3334.0
ORD01968,CUST0330,2025-11-27,,PENDING,5996.0
ORD01969,CUST0438,2025-02-05,,COMPLETED,7495.0
ORD01970,CUST0390,2026-06-02,,COMPLETED,6786.0
ORD01971,CUST0369,2026-06-22,,CANCELLED,2998.0
ORD01972,CUST0107,2025-01-28,,PENDING,479.0
ORD01973,CUST0172,2026-03-01,,COMPLETED,3974.0
ORD01974,CUST0126,2026-01-22,,COMPLETED,6539.0
ORD01975,CUST0349,2025-08-07,,COMPLETED,4631.0
ORD01976,CUST0414,2025-05-07,,CANCELLED,4672.0
ORD01977,CUST0272,2026-05-04,,COMPLETED,958.0
ORD01978,CUST0388,2026-02-22,,COMPLETED,5390.0
ORD01979,CUST0076,2025-03-17,,COMPLETED,3295.0
ORD01980,CUST0479,2025-02-07,,COMPLETED,4702.0
ORD01981,CUST0323,2025-01-22,,COMPLETED,4721.0
ORD01982,CUST0266,2025-04-09,,COMPLETED,1448.0
ORD01983,CUST0484,2025-07-17,,CANCELLED,978.0
ORD01984,CUST0185,2026-02-04,,COMPLETED,699.0
ORD01985,CUST0198,2025-06-07,,COMPLETED,898.0
ORD01986,CUST0052,2025-06-29,,COMPLETED,6790.0
ORD01987,CUST0282,2025-07-07,,COMPLETED,1876.0
ORD01988,CUST0218,2026-07-29,,COMPLETED,4192.0
ORD01989,CUST0149,2025-02-11,,COMPLETED,10449.0
ORD01990,CUST0176,2025-11-02,,COMPLETED,1896.0
ORD01991,CUST0331,2026-01-19,,COMPLETED,499.0
ORD01992,CUST0342,2026-01-15,,COMPLETED,479.0
ORD01993,CUST0260,2026-01-13,,PENDING,2997.0
ORD01994,CUST0147,2026-08-11,,COMPLETED,1996.0
ORD01995,CUST0131,2026-08-20,,COMPLETED,12901.0
ORD01996,CUST0414,2026-01-20,,CANCELLED,7136.0
ORD01997,CUST0046,2026-06-19,,COMPLETED,3891.0
ORD01998,CUST0170,2026-08-02,,COMPLETED,4995.0
ORD01999,CUST0455,2025-11-14,,COMPLETED,1727.0
ORD02000,CUST0430,2025-08-17,,COMPLETED,6241.0
